Trace,Exp,Core_0_IPC,Core_1_IPC,Core_2_IPC,Core_3_IPC,Filter
403.gcc-16B_4T,nopref,0,0,0,0,0
403.gcc-16B_4T,spp,0,0,0,0,0
403.gcc-16B_4T,bingo,0,0,0,0,0
403.gcc-16B_4T,mlop,0,0,0,0,0
403.gcc-16B_4T,pythia,0,0,0,0,0
410.bwaves-1963B_4T,nopref,0,0,0,0,0
410.bwaves-1963B_4T,spp,0,0,0,0,0
410.bwaves-1963B_4T,bingo,0,0,0,0,0
410.bwaves-1963B_4T,mlop,0,0,0,0,0
410.bwaves-1963B_4T,pythia,0,0,0,0,0
429.mcf-184B_4T,nopref,0,0,0,0,0
429.mcf-184B_4T,spp,0,0,0,0,0
429.mcf-184B_4T,bingo,0,0,0,0,0
429.mcf-184B_4T,mlop,0,0,0,0,0
429.mcf-184B_4T,pythia,0,0,0,0,0
429.mcf-192B_4T,nopref,0,0,0,0,0
429.mcf-192B_4T,spp,0,0,0,0,0
429.mcf-192B_4T,bingo,0,0,0,0,0
429.mcf-192B_4T,mlop,0,0,0,0,0
429.mcf-192B_4T,pythia,0,0,0,0,0
429.mcf-51B_4T,nopref,0,0,0,0,0
429.mcf-51B_4T,spp,0,0,0,0,0
429.mcf-51B_4T,bingo,0,0,0,0,0
429.mcf-51B_4T,mlop,0,0,0,0,0
429.mcf-51B_4T,pythia,0,0,0,0,0
433.milc-127B_4T,nopref,0,0,0,0,0
433.milc-127B_4T,spp,0,0,0,0,0
433.milc-127B_4T,bingo,0,0,0,0,0
433.milc-127B_4T,mlop,0,0,0,0,0
433.milc-127B_4T,pythia,0,0,0,0,0
436.cactusADM-1804B_4T,nopref,0,0,0,0,0
436.cactusADM-1804B_4T,spp,0,0,0,0,0
436.cactusADM-1804B_4T,bingo,0,0,0,0,0
436.cactusADM-1804B_4T,mlop,0,0,0,0,0
436.cactusADM-1804B_4T,pythia,0,0,0,0,0
437.leslie3d-149B_4T,nopref,0,0,0,0,0
437.leslie3d-149B_4T,spp,0,0,0,0,0
437.leslie3d-149B_4T,bingo,0,0,0,0,0
437.leslie3d-149B_4T,mlop,0,0,0,0,0
437.leslie3d-149B_4T,pythia,0,0,0,0,0
437.leslie3d-232B_4T,nopref,0,0,0,0,0
437.leslie3d-232B_4T,spp,0,0,0,0,0
437.leslie3d-232B_4T,bingo,0,0,0,0,0
437.leslie3d-232B_4T,mlop,0,0,0,0,0
437.leslie3d-232B_4T,pythia,0,0,0,0,0
437.leslie3d-265B_4T,nopref,0,0,0,0,0
437.leslie3d-265B_4T,spp,0,0,0,0,0
437.leslie3d-265B_4T,bingo,0,0,0,0,0
437.leslie3d-265B_4T,mlop,0,0,0,0,0
437.leslie3d-265B_4T,pythia,0,0,0,0,0
437.leslie3d-271B_4T,nopref,0,0,0,0,0
437.leslie3d-271B_4T,spp,0,0,0,0,0
437.leslie3d-271B_4T,bingo,0,0,0,0,0
437.leslie3d-271B_4T,mlop,0,0,0,0,0
437.leslie3d-271B_4T,pythia,0,0,0,0,0
445.gobmk-30B_4T,nopref,0,0,0,0,0
445.gobmk-30B_4T,spp,0,0,0,0,0
445.gobmk-30B_4T,bingo,0,0,0,0,0
445.gobmk-30B_4T,mlop,0,0,0,0,0
445.gobmk-30B_4T,pythia,0,0,0,0,0
445.gobmk-36B_4T,nopref,0,0,0,0,0
445.gobmk-36B_4T,spp,0,0,0,0,0
445.gobmk-36B_4T,bingo,0,0,0,0,0
445.gobmk-36B_4T,mlop,0,0,0,0,0
445.gobmk-36B_4T,pythia,0,0,0,0,0
450.soplex-247B_4T,nopref,0,0,0,0,0
450.soplex-247B_4T,spp,0,0,0,0,0
450.soplex-247B_4T,bingo,0,0,0,0,0
450.soplex-247B_4T,mlop,0,0,0,0,0
450.soplex-247B_4T,pythia,0,0,0,0,0
459.GemsFDTD-1211B_4T,nopref,0,0,0,0,0
459.GemsFDTD-1211B_4T,spp,0,0,0,0,0
459.GemsFDTD-1211B_4T,bingo,0,0,0,0,0
459.GemsFDTD-1211B_4T,mlop,0,0,0,0,0
459.GemsFDTD-1211B_4T,pythia,0,0,0,0,0
459.GemsFDTD-1418B_4T,nopref,0,0,0,0,0
459.GemsFDTD-1418B_4T,spp,0,0,0,0,0
459.GemsFDTD-1418B_4T,bingo,0,0,0,0,0
459.GemsFDTD-1418B_4T,mlop,0,0,0,0,0
459.GemsFDTD-1418B_4T,pythia,0,0,0,0,0
459.GemsFDTD-765B_4T,nopref,0,0,0,0,0
459.GemsFDTD-765B_4T,spp,0,0,0,0,0
459.GemsFDTD-765B_4T,bingo,0,0,0,0,0
459.GemsFDTD-765B_4T,mlop,0,0,0,0,0
459.GemsFDTD-765B_4T,pythia,0,0,0,0,0
462.libquantum-1343B_4T,nopref,0,0,0,0,0
462.libquantum-1343B_4T,spp,0,0,0,0,0
462.libquantum-1343B_4T,bingo,0,0,0,0,0
462.libquantum-1343B_4T,mlop,0,0,0,0,0
462.libquantum-1343B_4T,pythia,0,0,0,0,0
462.libquantum-714B_4T,nopref,0,0,0,0,0
462.libquantum-714B_4T,spp,0,0,0,0,0
462.libquantum-714B_4T,bingo,0,0,0,0,0
462.libquantum-714B_4T,mlop,0,0,0,0,0
462.libquantum-714B_4T,pythia,0,0,0,0,0
470.lbm-1274B_4T,nopref,0,0,0,0,0
470.lbm-1274B_4T,spp,0,0,0,0,0
470.lbm-1274B_4T,bingo,0,0,0,0,0
470.lbm-1274B_4T,mlop,0,0,0,0,0
470.lbm-1274B_4T,pythia,0,0,0,0,0
471.omnetpp-188B_4T,nopref,0,0,0,0,0
471.omnetpp-188B_4T,spp,0,0,0,0,0
471.omnetpp-188B_4T,bingo,0,0,0,0,0
471.omnetpp-188B_4T,mlop,0,0,0,0,0
471.omnetpp-188B_4T,pythia,0,0,0,0,0
473.astar-359B_4T,nopref,0,0,0,0,0
473.astar-359B_4T,spp,0,0,0,0,0
473.astar-359B_4T,bingo,0,0,0,0,0
473.astar-359B_4T,mlop,0,0,0,0,0
473.astar-359B_4T,pythia,0,0,0,0,0
481.wrf-1254B_4T,nopref,0,0,0,0,0
481.wrf-1254B_4T,spp,0,0,0,0,0
481.wrf-1254B_4T,bingo,0,0,0,0,0
481.wrf-1254B_4T,mlop,0,0,0,0,0
481.wrf-1254B_4T,pythia,0,0,0,0,0
481.wrf-196B_4T,nopref,0,0,0,0,0
481.wrf-196B_4T,spp,0,0,0,0,0
481.wrf-196B_4T,bingo,0,0,0,0,0
481.wrf-196B_4T,mlop,0,0,0,0,0
481.wrf-196B_4T,pythia,0,0,0,0,0
481.wrf-816B_4T,nopref,0,0,0,0,0
481.wrf-816B_4T,spp,0,0,0,0,0
481.wrf-816B_4T,bingo,0,0,0,0,0
481.wrf-816B_4T,mlop,0,0,0,0,0
481.wrf-816B_4T,pythia,0,0,0,0,0
482.sphinx3-1297B_4T,nopref,0,0,0,0,0
482.sphinx3-1297B_4T,spp,0,0,0,0,0
482.sphinx3-1297B_4T,bingo,0,0,0,0,0
482.sphinx3-1297B_4T,mlop,0,0,0,0,0
482.sphinx3-1297B_4T,pythia,0,0,0,0,0
482.sphinx3-1395B_4T,nopref,0,0,0,0,0
482.sphinx3-1395B_4T,spp,0,0,0,0,0
482.sphinx3-1395B_4T,bingo,0,0,0,0,0
482.sphinx3-1395B_4T,mlop,0,0,0,0,0
482.sphinx3-1395B_4T,pythia,0,0,0,0,0
483.xalancbmk-127B_4T,nopref,0,0,0,0,0
483.xalancbmk-127B_4T,spp,0,0,0,0,0
483.xalancbmk-127B_4T,bingo,0,0,0,0,0
483.xalancbmk-127B_4T,mlop,0,0,0,0,0
483.xalancbmk-127B_4T,pythia,0,0,0,0,0
602.gcc_s-1850B_4T,nopref,0,0,0,0,0
602.gcc_s-1850B_4T,spp,0,0,0,0,0
602.gcc_s-1850B_4T,bingo,0,0,0,0,0
602.gcc_s-1850B_4T,mlop,0,0,0,0,0
602.gcc_s-1850B_4T,pythia,0,0,0,0,0
602.gcc_s-734B_4T,nopref,0,0,0,0,0
602.gcc_s-734B_4T,spp,0,0,0,0,0
602.gcc_s-734B_4T,bingo,0,0,0,0,0
602.gcc_s-734B_4T,mlop,0,0,0,0,0
602.gcc_s-734B_4T,pythia,0,0,0,0,0
603.bwaves_s-2931B_4T,nopref,0,0,0,0,0
603.bwaves_s-2931B_4T,spp,0,0,0,0,0
603.bwaves_s-2931B_4T,bingo,0,0,0,0,0
603.bwaves_s-2931B_4T,mlop,0,0,0,0,0
603.bwaves_s-2931B_4T,pythia,0,0,0,0,0
605.mcf_s-994B_4T,nopref,0,0,0,0,0
605.mcf_s-994B_4T,spp,0,0,0,0,0
605.mcf_s-994B_4T,bingo,0,0,0,0,0
605.mcf_s-994B_4T,mlop,0,0,0,0,0
605.mcf_s-994B_4T,pythia,0,0,0,0,0
607.cactuBSSN_s-2421B_4T,nopref,0,0,0,0,0
607.cactuBSSN_s-2421B_4T,spp,0,0,0,0,0
607.cactuBSSN_s-2421B_4T,bingo,0,0,0,0,0
607.cactuBSSN_s-2421B_4T,mlop,0,0,0,0,0
607.cactuBSSN_s-2421B_4T,pythia,0,0,0,0,0
619.lbm_s-2677B_4T,nopref,0,0,0,0,0
619.lbm_s-2677B_4T,spp,0,0,0,0,0
619.lbm_s-2677B_4T,bingo,0,0,0,0,0
619.lbm_s-2677B_4T,mlop,0,0,0,0,0
619.lbm_s-2677B_4T,pythia,0,0,0,0,0
619.lbm_s-3766B_4T,nopref,0,0,0,0,0
619.lbm_s-3766B_4T,spp,0,0,0,0,0
619.lbm_s-3766B_4T,bingo,0,0,0,0,0
619.lbm_s-3766B_4T,mlop,0,0,0,0,0
619.lbm_s-3766B_4T,pythia,0,0,0,0,0
619.lbm_s-4268B_4T,nopref,0,0,0,0,0
619.lbm_s-4268B_4T,spp,0,0,0,0,0
619.lbm_s-4268B_4T,bingo,0,0,0,0,0
619.lbm_s-4268B_4T,mlop,0,0,0,0,0
619.lbm_s-4268B_4T,pythia,0,0,0,0,0
620.omnetpp_s-141B_4T,nopref,0,0,0,0,0
620.omnetpp_s-141B_4T,spp,0,0,0,0,0
620.omnetpp_s-141B_4T,bingo,0,0,0,0,0
620.omnetpp_s-141B_4T,mlop,0,0,0,0,0
620.omnetpp_s-141B_4T,pythia,0,0,0,0,0
620.omnetpp_s-874B_4T,nopref,0,0,0,0,0
620.omnetpp_s-874B_4T,spp,0,0,0,0,0
620.omnetpp_s-874B_4T,bingo,0,0,0,0,0
620.omnetpp_s-874B_4T,mlop,0,0,0,0,0
620.omnetpp_s-874B_4T,pythia,0,0,0,0,0
621.wrf_s-6673B_4T,nopref,0,0,0,0,0
621.wrf_s-6673B_4T,spp,0,0,0,0,0
621.wrf_s-6673B_4T,bingo,0,0,0,0,0
621.wrf_s-6673B_4T,mlop,0,0,0,0,0
621.wrf_s-6673B_4T,pythia,0,0,0,0,0
621.wrf_s-8065B_4T,nopref,0,0,0,0,0
621.wrf_s-8065B_4T,spp,0,0,0,0,0
621.wrf_s-8065B_4T,bingo,0,0,0,0,0
621.wrf_s-8065B_4T,mlop,0,0,0,0,0
621.wrf_s-8065B_4T,pythia,0,0,0,0,0
623.xalancbmk_s-10B_4T,nopref,0,0,0,0,0
623.xalancbmk_s-10B_4T,spp,0,0,0,0,0
623.xalancbmk_s-10B_4T,bingo,0,0,0,0,0
623.xalancbmk_s-10B_4T,mlop,0,0,0,0,0
623.xalancbmk_s-10B_4T,pythia,0,0,0,0,0
623.xalancbmk_s-592B_4T,nopref,0,0,0,0,0
623.xalancbmk_s-592B_4T,spp,0,0,0,0,0
623.xalancbmk_s-592B_4T,bingo,0,0,0,0,0
623.xalancbmk_s-592B_4T,mlop,0,0,0,0,0
623.xalancbmk_s-592B_4T,pythia,0,0,0,0,0
627.cam4_s-573B_4T,nopref,0,0,0,0,0
627.cam4_s-573B_4T,spp,0,0,0,0,0
627.cam4_s-573B_4T,bingo,0,0,0,0,0
627.cam4_s-573B_4T,mlop,0,0,0,0,0
627.cam4_s-573B_4T,pythia,0,0,0,0,0
628.pop2_s-17B_4T,nopref,0,0,0,0,0
628.pop2_s-17B_4T,spp,0,0,0,0,0
628.pop2_s-17B_4T,bingo,0,0,0,0,0
628.pop2_s-17B_4T,mlop,0,0,0,0,0
628.pop2_s-17B_4T,pythia,0,0,0,0,0
649.fotonik3d_s-10881B_4T,nopref,0,0,0,0,0
649.fotonik3d_s-10881B_4T,spp,0,0,0,0,0
649.fotonik3d_s-10881B_4T,bingo,0,0,0,0,0
649.fotonik3d_s-10881B_4T,mlop,0,0,0,0,0
649.fotonik3d_s-10881B_4T,pythia,0,0,0,0,0
654.roms_s-1007B_4T,nopref,0,0,0,0,0
654.roms_s-1007B_4T,spp,0,0,0,0,0
654.roms_s-1007B_4T,bingo,0,0,0,0,0
654.roms_s-1007B_4T,mlop,0,0,0,0,0
654.roms_s-1007B_4T,pythia,0,0,0,0,0
ligra_BC.com-lj.ungraph.gcc_6.3.0_O3.drop_26750M.length_250M_4T,nopref,0,0,0,0,0
ligra_BC.com-lj.ungraph.gcc_6.3.0_O3.drop_26750M.length_250M_4T,spp,0,0,0,0,0
ligra_BC.com-lj.ungraph.gcc_6.3.0_O3.drop_26750M.length_250M_4T,bingo,0,0,0,0,0
ligra_BC.com-lj.ungraph.gcc_6.3.0_O3.drop_26750M.length_250M_4T,mlop,0,0,0,0,0
ligra_BC.com-lj.ungraph.gcc_6.3.0_O3.drop_26750M.length_250M_4T,pythia,0,0,0,0,0
ligra_BC.com-lj.ungraph.gcc_6.3.0_O3.drop_3500M.length_250M_4T,nopref,0,0,0,0,0
ligra_BC.com-lj.ungraph.gcc_6.3.0_O3.drop_3500M.length_250M_4T,spp,0,0,0,0,0
ligra_BC.com-lj.ungraph.gcc_6.3.0_O3.drop_3500M.length_250M_4T,bingo,0,0,0,0,0
ligra_BC.com-lj.ungraph.gcc_6.3.0_O3.drop_3500M.length_250M_4T,mlop,0,0,0,0,0
ligra_BC.com-lj.ungraph.gcc_6.3.0_O3.drop_3500M.length_250M_4T,pythia,0,0,0,0,0
ligra_BC.com-lj.ungraph.gcc_6.3.0_O3.drop_500M.length_250M_4T,nopref,0,0,0,0,0
ligra_BC.com-lj.ungraph.gcc_6.3.0_O3.drop_500M.length_250M_4T,spp,0,0,0,0,0
ligra_BC.com-lj.ungraph.gcc_6.3.0_O3.drop_500M.length_250M_4T,bingo,0,0,0,0,0
ligra_BC.com-lj.ungraph.gcc_6.3.0_O3.drop_500M.length_250M_4T,mlop,0,0,0,0,0
ligra_BC.com-lj.ungraph.gcc_6.3.0_O3.drop_500M.length_250M_4T,pythia,0,0,0,0,0
ligra_BellmanFord.com-lj.ungraph.gcc_6.3.0_O3.drop_1750M.length_250M_4T,nopref,0,0,0,0,0
ligra_BellmanFord.com-lj.ungraph.gcc_6.3.0_O3.drop_1750M.length_250M_4T,spp,0,0,0,0,0
ligra_BellmanFord.com-lj.ungraph.gcc_6.3.0_O3.drop_1750M.length_250M_4T,bingo,0,0,0,0,0
ligra_BellmanFord.com-lj.ungraph.gcc_6.3.0_O3.drop_1750M.length_250M_4T,mlop,0,0,0,0,0
ligra_BellmanFord.com-lj.ungraph.gcc_6.3.0_O3.drop_1750M.length_250M_4T,pythia,0,0,0,0,0
ligra_BellmanFord.com-lj.ungraph.gcc_6.3.0_O3.drop_4000M.length_250M_4T,nopref,0,0,0,0,0
ligra_BellmanFord.com-lj.ungraph.gcc_6.3.0_O3.drop_4000M.length_250M_4T,spp,0,0,0,0,0
ligra_BellmanFord.com-lj.ungraph.gcc_6.3.0_O3.drop_4000M.length_250M_4T,bingo,0,0,0,0,0
ligra_BellmanFord.com-lj.ungraph.gcc_6.3.0_O3.drop_4000M.length_250M_4T,mlop,0,0,0,0,0
ligra_BellmanFord.com-lj.ungraph.gcc_6.3.0_O3.drop_4000M.length_250M_4T,pythia,0,0,0,0,0
ligra_BellmanFord.com-lj.ungraph.gcc_6.3.0_O3.drop_7500M.length_250M_4T,nopref,0,0,0,0,0
ligra_BellmanFord.com-lj.ungraph.gcc_6.3.0_O3.drop_7500M.length_250M_4T,spp,0,0,0,0,0
ligra_BellmanFord.com-lj.ungraph.gcc_6.3.0_O3.drop_7500M.length_250M_4T,bingo,0,0,0,0,0
ligra_BellmanFord.com-lj.ungraph.gcc_6.3.0_O3.drop_7500M.length_250M_4T,mlop,0,0,0,0,0
ligra_BellmanFord.com-lj.ungraph.gcc_6.3.0_O3.drop_7500M.length_250M_4T,pythia,0,0,0,0,0
ligra_BFS-Bitvector.com-lj.ungraph.gcc_6.3.0_O3.drop_23000M.length_250M_4T,nopref,0,0,0,0,0
ligra_BFS-Bitvector.com-lj.ungraph.gcc_6.3.0_O3.drop_23000M.length_250M_4T,spp,0,0,0,0,0
ligra_BFS-Bitvector.com-lj.ungraph.gcc_6.3.0_O3.drop_23000M.length_250M_4T,bingo,0,0,0,0,0
ligra_BFS-Bitvector.com-lj.ungraph.gcc_6.3.0_O3.drop_23000M.length_250M_4T,mlop,0,0,0,0,0
ligra_BFS-Bitvector.com-lj.ungraph.gcc_6.3.0_O3.drop_23000M.length_250M_4T,pythia,0,0,0,0,0
ligra_BFS-Bitvector.com-lj.ungraph.gcc_6.3.0_O3.drop_2500M.length_250M_4T,nopref,0,0,0,0,0
ligra_BFS-Bitvector.com-lj.ungraph.gcc_6.3.0_O3.drop_2500M.length_250M_4T,spp,0,0,0,0,0
ligra_BFS-Bitvector.com-lj.ungraph.gcc_6.3.0_O3.drop_2500M.length_250M_4T,bingo,0,0,0,0,0
ligra_BFS-Bitvector.com-lj.ungraph.gcc_6.3.0_O3.drop_2500M.length_250M_4T,mlop,0,0,0,0,0
ligra_BFS-Bitvector.com-lj.ungraph.gcc_6.3.0_O3.drop_2500M.length_250M_4T,pythia,0,0,0,0,0
ligra_BFSCC.com-lj.ungraph.gcc_6.3.0_O3.drop_22000M.length_250M_4T,nopref,0,0,0,0,0
ligra_BFSCC.com-lj.ungraph.gcc_6.3.0_O3.drop_22000M.length_250M_4T,spp,0,0,0,0,0
ligra_BFSCC.com-lj.ungraph.gcc_6.3.0_O3.drop_22000M.length_250M_4T,bingo,0,0,0,0,0
ligra_BFSCC.com-lj.ungraph.gcc_6.3.0_O3.drop_22000M.length_250M_4T,mlop,0,0,0,0,0
ligra_BFSCC.com-lj.ungraph.gcc_6.3.0_O3.drop_22000M.length_250M_4T,pythia,0,0,0,0,0
ligra_BFSCC.com-lj.ungraph.gcc_6.3.0_O3.drop_3500M.length_250M_4T,nopref,0,0,0,0,0
ligra_BFSCC.com-lj.ungraph.gcc_6.3.0_O3.drop_3500M.length_250M_4T,spp,0,0,0,0,0
ligra_BFSCC.com-lj.ungraph.gcc_6.3.0_O3.drop_3500M.length_250M_4T,bingo,0,0,0,0,0
ligra_BFSCC.com-lj.ungraph.gcc_6.3.0_O3.drop_3500M.length_250M_4T,mlop,0,0,0,0,0
ligra_BFSCC.com-lj.ungraph.gcc_6.3.0_O3.drop_3500M.length_250M_4T,pythia,0,0,0,0,0
ligra_BFSCC.com-lj.ungraph.gcc_6.3.0_O3.drop_5000M.length_250M_4T,nopref,0,0,0,0,0
ligra_BFSCC.com-lj.ungraph.gcc_6.3.0_O3.drop_5000M.length_250M_4T,spp,0,0,0,0,0
ligra_BFSCC.com-lj.ungraph.gcc_6.3.0_O3.drop_5000M.length_250M_4T,bingo,0,0,0,0,0
ligra_BFSCC.com-lj.ungraph.gcc_6.3.0_O3.drop_5000M.length_250M_4T,mlop,0,0,0,0,0
ligra_BFSCC.com-lj.ungraph.gcc_6.3.0_O3.drop_5000M.length_250M_4T,pythia,0,0,0,0,0
ligra_BFSCC.com-lj.ungraph.gcc_6.3.0_O3.drop_750M.length_250M_4T,nopref,0,0,0,0,0
ligra_BFSCC.com-lj.ungraph.gcc_6.3.0_O3.drop_750M.length_250M_4T,spp,0,0,0,0,0
ligra_BFSCC.com-lj.ungraph.gcc_6.3.0_O3.drop_750M.length_250M_4T,bingo,0,0,0,0,0
ligra_BFSCC.com-lj.ungraph.gcc_6.3.0_O3.drop_750M.length_250M_4T,mlop,0,0,0,0,0
ligra_BFSCC.com-lj.ungraph.gcc_6.3.0_O3.drop_750M.length_250M_4T,pythia,0,0,0,0,0
ligra_BFS.com-lj.ungraph.gcc_6.3.0_O3.drop_21500M.length_250M_4T,nopref,0,0,0,0,0
ligra_BFS.com-lj.ungraph.gcc_6.3.0_O3.drop_21500M.length_250M_4T,spp,0,0,0,0,0
ligra_BFS.com-lj.ungraph.gcc_6.3.0_O3.drop_21500M.length_250M_4T,bingo,0,0,0,0,0
ligra_BFS.com-lj.ungraph.gcc_6.3.0_O3.drop_21500M.length_250M_4T,mlop,0,0,0,0,0
ligra_BFS.com-lj.ungraph.gcc_6.3.0_O3.drop_21500M.length_250M_4T,pythia,0,0,0,0,0
ligra_BFS.com-lj.ungraph.gcc_6.3.0_O3.drop_3500M.length_250M_4T,nopref,0,0,0,0,0
ligra_BFS.com-lj.ungraph.gcc_6.3.0_O3.drop_3500M.length_250M_4T,spp,0,0,0,0,0
ligra_BFS.com-lj.ungraph.gcc_6.3.0_O3.drop_3500M.length_250M_4T,bingo,0,0,0,0,0
ligra_BFS.com-lj.ungraph.gcc_6.3.0_O3.drop_3500M.length_250M_4T,mlop,0,0,0,0,0
ligra_BFS.com-lj.ungraph.gcc_6.3.0_O3.drop_3500M.length_250M_4T,pythia,0,0,0,0,0
ligra_BFS.com-lj.ungraph.gcc_6.3.0_O3.drop_5000M.length_250M_4T,nopref,0,0,0,0,0
ligra_BFS.com-lj.ungraph.gcc_6.3.0_O3.drop_5000M.length_250M_4T,spp,0,0,0,0,0
ligra_BFS.com-lj.ungraph.gcc_6.3.0_O3.drop_5000M.length_250M_4T,bingo,0,0,0,0,0
ligra_BFS.com-lj.ungraph.gcc_6.3.0_O3.drop_5000M.length_250M_4T,mlop,0,0,0,0,0
ligra_BFS.com-lj.ungraph.gcc_6.3.0_O3.drop_5000M.length_250M_4T,pythia,0,0,0,0,0
ligra_BFS.com-lj.ungraph.gcc_6.3.0_O3.drop_500M.length_250M_4T,nopref,0,0,0,0,0
ligra_BFS.com-lj.ungraph.gcc_6.3.0_O3.drop_500M.length_250M_4T,spp,0,0,0,0,0
ligra_BFS.com-lj.ungraph.gcc_6.3.0_O3.drop_500M.length_250M_4T,bingo,0,0,0,0,0
ligra_BFS.com-lj.ungraph.gcc_6.3.0_O3.drop_500M.length_250M_4T,mlop,0,0,0,0,0
ligra_BFS.com-lj.ungraph.gcc_6.3.0_O3.drop_500M.length_250M_4T,pythia,0,0,0,0,0
ligra_CF.com-lj.ungraph.gcc_6.3.0_O3.drop_184750M.length_250M_4T,nopref,0,0,0,0,0
ligra_CF.com-lj.ungraph.gcc_6.3.0_O3.drop_184750M.length_250M_4T,spp,0,0,0,0,0
ligra_CF.com-lj.ungraph.gcc_6.3.0_O3.drop_184750M.length_250M_4T,bingo,0,0,0,0,0
ligra_CF.com-lj.ungraph.gcc_6.3.0_O3.drop_184750M.length_250M_4T,mlop,0,0,0,0,0
ligra_CF.com-lj.ungraph.gcc_6.3.0_O3.drop_184750M.length_250M_4T,pythia,0,0,0,0,0
ligra_CF.com-lj.ungraph.gcc_6.3.0_O3.drop_2500M.length_250M_4T,nopref,0,0,0,0,0
ligra_CF.com-lj.ungraph.gcc_6.3.0_O3.drop_2500M.length_250M_4T,spp,0,0,0,0,0
ligra_CF.com-lj.ungraph.gcc_6.3.0_O3.drop_2500M.length_250M_4T,bingo,0,0,0,0,0
ligra_CF.com-lj.ungraph.gcc_6.3.0_O3.drop_2500M.length_250M_4T,mlop,0,0,0,0,0
ligra_CF.com-lj.ungraph.gcc_6.3.0_O3.drop_2500M.length_250M_4T,pythia,0,0,0,0,0
ligra_Components.com-lj.ungraph.gcc_6.3.0_O3.drop_22750M.length_250M_4T,nopref,0,0,0,0,0
ligra_Components.com-lj.ungraph.gcc_6.3.0_O3.drop_22750M.length_250M_4T,spp,0,0,0,0,0
ligra_Components.com-lj.ungraph.gcc_6.3.0_O3.drop_22750M.length_250M_4T,bingo,0,0,0,0,0
ligra_Components.com-lj.ungraph.gcc_6.3.0_O3.drop_22750M.length_250M_4T,mlop,0,0,0,0,0
ligra_Components.com-lj.ungraph.gcc_6.3.0_O3.drop_22750M.length_250M_4T,pythia,0,0,0,0,0
ligra_Components.com-lj.ungraph.gcc_6.3.0_O3.drop_3500M.length_250M_4T,nopref,0,0,0,0,0
ligra_Components.com-lj.ungraph.gcc_6.3.0_O3.drop_3500M.length_250M_4T,spp,0,0,0,0,0
ligra_Components.com-lj.ungraph.gcc_6.3.0_O3.drop_3500M.length_250M_4T,bingo,0,0,0,0,0
ligra_Components.com-lj.ungraph.gcc_6.3.0_O3.drop_3500M.length_250M_4T,mlop,0,0,0,0,0
ligra_Components.com-lj.ungraph.gcc_6.3.0_O3.drop_3500M.length_250M_4T,pythia,0,0,0,0,0
ligra_Components.com-lj.ungraph.gcc_6.3.0_O3.drop_750M.length_250M_4T,nopref,0,0,0,0,0
ligra_Components.com-lj.ungraph.gcc_6.3.0_O3.drop_750M.length_250M_4T,spp,0,0,0,0,0
ligra_Components.com-lj.ungraph.gcc_6.3.0_O3.drop_750M.length_250M_4T,bingo,0,0,0,0,0
ligra_Components.com-lj.ungraph.gcc_6.3.0_O3.drop_750M.length_250M_4T,mlop,0,0,0,0,0
ligra_Components.com-lj.ungraph.gcc_6.3.0_O3.drop_750M.length_250M_4T,pythia,0,0,0,0,0
ligra_Components-Shortcut.com-lj.ungraph.gcc_6.3.0_O3.drop_22000M.length_250M_4T,nopref,0,0,0,0,0
ligra_Components-Shortcut.com-lj.ungraph.gcc_6.3.0_O3.drop_22000M.length_250M_4T,spp,0,0,0,0,0
ligra_Components-Shortcut.com-lj.ungraph.gcc_6.3.0_O3.drop_22000M.length_250M_4T,bingo,0,0,0,0,0
ligra_Components-Shortcut.com-lj.ungraph.gcc_6.3.0_O3.drop_22000M.length_250M_4T,mlop,0,0,0,0,0
ligra_Components-Shortcut.com-lj.ungraph.gcc_6.3.0_O3.drop_22000M.length_250M_4T,pythia,0,0,0,0,0
ligra_Components-Shortcut.com-lj.ungraph.gcc_6.3.0_O3.drop_750M.length_250M_4T,nopref,0,0,0,0,0
ligra_Components-Shortcut.com-lj.ungraph.gcc_6.3.0_O3.drop_750M.length_250M_4T,spp,0,0,0,0,0
ligra_Components-Shortcut.com-lj.ungraph.gcc_6.3.0_O3.drop_750M.length_250M_4T,bingo,0,0,0,0,0
ligra_Components-Shortcut.com-lj.ungraph.gcc_6.3.0_O3.drop_750M.length_250M_4T,mlop,0,0,0,0,0
ligra_Components-Shortcut.com-lj.ungraph.gcc_6.3.0_O3.drop_750M.length_250M_4T,pythia,0,0,0,0,0
ligra_MIS.com-lj.ungraph.gcc_6.3.0_O3.drop_21250M.length_250M_4T,nopref,0,0,0,0,0
ligra_MIS.com-lj.ungraph.gcc_6.3.0_O3.drop_21250M.length_250M_4T,spp,0,0,0,0,0
ligra_MIS.com-lj.ungraph.gcc_6.3.0_O3.drop_21250M.length_250M_4T,bingo,0,0,0,0,0
ligra_MIS.com-lj.ungraph.gcc_6.3.0_O3.drop_21250M.length_250M_4T,mlop,0,0,0,0,0
ligra_MIS.com-lj.ungraph.gcc_6.3.0_O3.drop_21250M.length_250M_4T,pythia,0,0,0,0,0
ligra_MIS.com-lj.ungraph.gcc_6.3.0_O3.drop_3500M.length_250M_4T,nopref,0,0,0,0,0
ligra_MIS.com-lj.ungraph.gcc_6.3.0_O3.drop_3500M.length_250M_4T,spp,0,0,0,0,0
ligra_MIS.com-lj.ungraph.gcc_6.3.0_O3.drop_3500M.length_250M_4T,bingo,0,0,0,0,0
ligra_MIS.com-lj.ungraph.gcc_6.3.0_O3.drop_3500M.length_250M_4T,mlop,0,0,0,0,0
ligra_MIS.com-lj.ungraph.gcc_6.3.0_O3.drop_3500M.length_250M_4T,pythia,0,0,0,0,0
ligra_MIS.com-lj.ungraph.gcc_6.3.0_O3.drop_750M.length_250M_4T,nopref,0,0,0,0,0
ligra_MIS.com-lj.ungraph.gcc_6.3.0_O3.drop_750M.length_250M_4T,spp,0,0,0,0,0
ligra_MIS.com-lj.ungraph.gcc_6.3.0_O3.drop_750M.length_250M_4T,bingo,0,0,0,0,0
ligra_MIS.com-lj.ungraph.gcc_6.3.0_O3.drop_750M.length_250M_4T,mlop,0,0,0,0,0
ligra_MIS.com-lj.ungraph.gcc_6.3.0_O3.drop_750M.length_250M_4T,pythia,0,0,0,0,0
ligra_PageRank.com-lj.ungraph.gcc_6.3.0_O3.drop_21750M.length_250M_4T,nopref,0,0,0,0,0
ligra_PageRank.com-lj.ungraph.gcc_6.3.0_O3.drop_21750M.length_250M_4T,spp,0,0,0,0,0
ligra_PageRank.com-lj.ungraph.gcc_6.3.0_O3.drop_21750M.length_250M_4T,bingo,0,0,0,0,0
ligra_PageRank.com-lj.ungraph.gcc_6.3.0_O3.drop_21750M.length_250M_4T,mlop,0,0,0,0,0
ligra_PageRank.com-lj.ungraph.gcc_6.3.0_O3.drop_21750M.length_250M_4T,pythia,0,0,0,0,0
ligra_PageRank.com-lj.ungraph.gcc_6.3.0_O3.drop_500M.length_250M_4T,nopref,0,0,0,0,0
ligra_PageRank.com-lj.ungraph.gcc_6.3.0_O3.drop_500M.length_250M_4T,spp,0,0,0,0,0
ligra_PageRank.com-lj.ungraph.gcc_6.3.0_O3.drop_500M.length_250M_4T,bingo,0,0,0,0,0
ligra_PageRank.com-lj.ungraph.gcc_6.3.0_O3.drop_500M.length_250M_4T,mlop,0,0,0,0,0
ligra_PageRank.com-lj.ungraph.gcc_6.3.0_O3.drop_500M.length_250M_4T,pythia,0,0,0,0,0
ligra_PageRank.com-lj.ungraph.gcc_6.3.0_O3.drop_51000M.length_250M_4T,nopref,0,0,0,0,0
ligra_PageRank.com-lj.ungraph.gcc_6.3.0_O3.drop_51000M.length_250M_4T,spp,0,0,0,0,0
ligra_PageRank.com-lj.ungraph.gcc_6.3.0_O3.drop_51000M.length_250M_4T,bingo,0,0,0,0,0
ligra_PageRank.com-lj.ungraph.gcc_6.3.0_O3.drop_51000M.length_250M_4T,mlop,0,0,0,0,0
ligra_PageRank.com-lj.ungraph.gcc_6.3.0_O3.drop_51000M.length_250M_4T,pythia,0,0,0,0,0
ligra_PageRank.com-lj.ungraph.gcc_6.3.0_O3.drop_60750M.length_250M_4T,nopref,0,0,0,0,0
ligra_PageRank.com-lj.ungraph.gcc_6.3.0_O3.drop_60750M.length_250M_4T,spp,0,0,0,0,0
ligra_PageRank.com-lj.ungraph.gcc_6.3.0_O3.drop_60750M.length_250M_4T,bingo,0,0,0,0,0
ligra_PageRank.com-lj.ungraph.gcc_6.3.0_O3.drop_60750M.length_250M_4T,mlop,0,0,0,0,0
ligra_PageRank.com-lj.ungraph.gcc_6.3.0_O3.drop_60750M.length_250M_4T,pythia,0,0,0,0,0
ligra_PageRank.com-lj.ungraph.gcc_6.3.0_O3.drop_79500M.length_250M_4T,nopref,0,0,0,0,0
ligra_PageRank.com-lj.ungraph.gcc_6.3.0_O3.drop_79500M.length_250M_4T,spp,0,0,0,0,0
ligra_PageRank.com-lj.ungraph.gcc_6.3.0_O3.drop_79500M.length_250M_4T,bingo,0,0,0,0,0
ligra_PageRank.com-lj.ungraph.gcc_6.3.0_O3.drop_79500M.length_250M_4T,mlop,0,0,0,0,0
ligra_PageRank.com-lj.ungraph.gcc_6.3.0_O3.drop_79500M.length_250M_4T,pythia,0,0,0,0,0
ligra_PageRankDelta.com-lj.ungraph.gcc_6.3.0_O3.drop_1250M.length_250M_4T,nopref,0,0,0,0,0
ligra_PageRankDelta.com-lj.ungraph.gcc_6.3.0_O3.drop_1250M.length_250M_4T,spp,0,0,0,0,0
ligra_PageRankDelta.com-lj.ungraph.gcc_6.3.0_O3.drop_1250M.length_250M_4T,bingo,0,0,0,0,0
ligra_PageRankDelta.com-lj.ungraph.gcc_6.3.0_O3.drop_1250M.length_250M_4T,mlop,0,0,0,0,0
ligra_PageRankDelta.com-lj.ungraph.gcc_6.3.0_O3.drop_1250M.length_250M_4T,pythia,0,0,0,0,0
ligra_PageRankDelta.com-lj.ungraph.gcc_6.3.0_O3.drop_24000M.length_250M_4T,nopref,0,0,0,0,0
ligra_PageRankDelta.com-lj.ungraph.gcc_6.3.0_O3.drop_24000M.length_250M_4T,spp,0,0,0,0,0
ligra_PageRankDelta.com-lj.ungraph.gcc_6.3.0_O3.drop_24000M.length_250M_4T,bingo,0,0,0,0,0
ligra_PageRankDelta.com-lj.ungraph.gcc_6.3.0_O3.drop_24000M.length_250M_4T,mlop,0,0,0,0,0
ligra_PageRankDelta.com-lj.ungraph.gcc_6.3.0_O3.drop_24000M.length_250M_4T,pythia,0,0,0,0,0
ligra_PageRankDelta.com-lj.ungraph.gcc_6.3.0_O3.drop_24500M.length_250M_4T,nopref,0,0,0,0,0
ligra_PageRankDelta.com-lj.ungraph.gcc_6.3.0_O3.drop_24500M.length_250M_4T,spp,0,0,0,0,0
ligra_PageRankDelta.com-lj.ungraph.gcc_6.3.0_O3.drop_24500M.length_250M_4T,bingo,0,0,0,0,0
ligra_PageRankDelta.com-lj.ungraph.gcc_6.3.0_O3.drop_24500M.length_250M_4T,mlop,0,0,0,0,0
ligra_PageRankDelta.com-lj.ungraph.gcc_6.3.0_O3.drop_24500M.length_250M_4T,pythia,0,0,0,0,0
ligra_PageRankDelta.com-lj.ungraph.gcc_6.3.0_O3.drop_3500M.length_250M_4T,nopref,0,0,0,0,0
ligra_PageRankDelta.com-lj.ungraph.gcc_6.3.0_O3.drop_3500M.length_250M_4T,spp,0,0,0,0,0
ligra_PageRankDelta.com-lj.ungraph.gcc_6.3.0_O3.drop_3500M.length_250M_4T,bingo,0,0,0,0,0
ligra_PageRankDelta.com-lj.ungraph.gcc_6.3.0_O3.drop_3500M.length_250M_4T,mlop,0,0,0,0,0
ligra_PageRankDelta.com-lj.ungraph.gcc_6.3.0_O3.drop_3500M.length_250M_4T,pythia,0,0,0,0,0
ligra_Radii.com-lj.ungraph.gcc_6.3.0_O3.drop_32000M.length_250M_4T,nopref,0,0,0,0,0
ligra_Radii.com-lj.ungraph.gcc_6.3.0_O3.drop_32000M.length_250M_4T,spp,0,0,0,0,0
ligra_Radii.com-lj.ungraph.gcc_6.3.0_O3.drop_32000M.length_250M_4T,bingo,0,0,0,0,0
ligra_Radii.com-lj.ungraph.gcc_6.3.0_O3.drop_32000M.length_250M_4T,mlop,0,0,0,0,0
ligra_Radii.com-lj.ungraph.gcc_6.3.0_O3.drop_32000M.length_250M_4T,pythia,0,0,0,0,0
ligra_Radii.com-lj.ungraph.gcc_6.3.0_O3.drop_3500M.length_250M_4T,nopref,0,0,0,0,0
ligra_Radii.com-lj.ungraph.gcc_6.3.0_O3.drop_3500M.length_250M_4T,spp,0,0,0,0,0
ligra_Radii.com-lj.ungraph.gcc_6.3.0_O3.drop_3500M.length_250M_4T,bingo,0,0,0,0,0
ligra_Radii.com-lj.ungraph.gcc_6.3.0_O3.drop_3500M.length_250M_4T,mlop,0,0,0,0,0
ligra_Radii.com-lj.ungraph.gcc_6.3.0_O3.drop_3500M.length_250M_4T,pythia,0,0,0,0,0
ligra_Triangle.com-lj.ungraph.gcc_6.3.0_O3.drop_25000M.length_250M_4T,nopref,0,0,0,0,0
ligra_Triangle.com-lj.ungraph.gcc_6.3.0_O3.drop_25000M.length_250M_4T,spp,0,0,0,0,0
ligra_Triangle.com-lj.ungraph.gcc_6.3.0_O3.drop_25000M.length_250M_4T,bingo,0,0,0,0,0
ligra_Triangle.com-lj.ungraph.gcc_6.3.0_O3.drop_25000M.length_250M_4T,mlop,0,0,0,0,0
ligra_Triangle.com-lj.ungraph.gcc_6.3.0_O3.drop_25000M.length_250M_4T,pythia,0,0,0,0,0
ligra_Triangle.com-lj.ungraph.gcc_6.3.0_O3.drop_3500M.length_250M_4T,nopref,0,0,0,0,0
ligra_Triangle.com-lj.ungraph.gcc_6.3.0_O3.drop_3500M.length_250M_4T,spp,0,0,0,0,0
ligra_Triangle.com-lj.ungraph.gcc_6.3.0_O3.drop_3500M.length_250M_4T,bingo,0,0,0,0,0
ligra_Triangle.com-lj.ungraph.gcc_6.3.0_O3.drop_3500M.length_250M_4T,mlop,0,0,0,0,0
ligra_Triangle.com-lj.ungraph.gcc_6.3.0_O3.drop_3500M.length_250M_4T,pythia,0,0,0,0,0
ligra_Triangle.com-lj.ungraph.gcc_6.3.0_O3.drop_750M.length_250M_4T,nopref,0,0,0,0,0
ligra_Triangle.com-lj.ungraph.gcc_6.3.0_O3.drop_750M.length_250M_4T,spp,0,0,0,0,0
ligra_Triangle.com-lj.ungraph.gcc_6.3.0_O3.drop_750M.length_250M_4T,bingo,0,0,0,0,0
ligra_Triangle.com-lj.ungraph.gcc_6.3.0_O3.drop_750M.length_250M_4T,mlop,0,0,0,0,0
ligra_Triangle.com-lj.ungraph.gcc_6.3.0_O3.drop_750M.length_250M_4T,pythia,0,0,0,0,0
parsec_2.1.canneal.simlarge.prebuilt.drop_1250M.length_250M_4T,nopref,0,0,0,0,0
parsec_2.1.canneal.simlarge.prebuilt.drop_1250M.length_250M_4T,spp,0,0,0,0,0
parsec_2.1.canneal.simlarge.prebuilt.drop_1250M.length_250M_4T,bingo,0,0,0,0,0
parsec_2.1.canneal.simlarge.prebuilt.drop_1250M.length_250M_4T,mlop,0,0,0,0,0
parsec_2.1.canneal.simlarge.prebuilt.drop_1250M.length_250M_4T,pythia,0,0,0,0,0
parsec_2.1.canneal.simlarge.prebuilt.drop_3000M.length_250M_4T,nopref,0,0,0,0,0
parsec_2.1.canneal.simlarge.prebuilt.drop_3000M.length_250M_4T,spp,0,0,0,0,0
parsec_2.1.canneal.simlarge.prebuilt.drop_3000M.length_250M_4T,bingo,0,0,0,0,0
parsec_2.1.canneal.simlarge.prebuilt.drop_3000M.length_250M_4T,mlop,0,0,0,0,0
parsec_2.1.canneal.simlarge.prebuilt.drop_3000M.length_250M_4T,pythia,0,0,0,0,0
parsec_2.1.canneal.simlarge.prebuilt.drop_4500M.length_250M_4T,nopref,0,0,0,0,0
parsec_2.1.canneal.simlarge.prebuilt.drop_4500M.length_250M_4T,spp,0,0,0,0,0
parsec_2.1.canneal.simlarge.prebuilt.drop_4500M.length_250M_4T,bingo,0,0,0,0,0
parsec_2.1.canneal.simlarge.prebuilt.drop_4500M.length_250M_4T,mlop,0,0,0,0,0
parsec_2.1.canneal.simlarge.prebuilt.drop_4500M.length_250M_4T,pythia,0,0,0,0,0
parsec_2.1.canneal.simlarge.prebuilt.drop_4750M.length_250M_4T,nopref,0,0,0,0,0
parsec_2.1.canneal.simlarge.prebuilt.drop_4750M.length_250M_4T,spp,0,0,0,0,0
parsec_2.1.canneal.simlarge.prebuilt.drop_4750M.length_250M_4T,bingo,0,0,0,0,0
parsec_2.1.canneal.simlarge.prebuilt.drop_4750M.length_250M_4T,mlop,0,0,0,0,0
parsec_2.1.canneal.simlarge.prebuilt.drop_4750M.length_250M_4T,pythia,0,0,0,0,0
parsec_2.1.canneal.simlarge.prebuilt.drop_500M.length_250M_4T,nopref,0,0,0,0,0
parsec_2.1.canneal.simlarge.prebuilt.drop_500M.length_250M_4T,spp,0,0,0,0,0
parsec_2.1.canneal.simlarge.prebuilt.drop_500M.length_250M_4T,bingo,0,0,0,0,0
parsec_2.1.canneal.simlarge.prebuilt.drop_500M.length_250M_4T,mlop,0,0,0,0,0
parsec_2.1.canneal.simlarge.prebuilt.drop_500M.length_250M_4T,pythia,0,0,0,0,0
parsec_2.1.facesim.simlarge.prebuilt.drop_1500M.length_250M_4T,nopref,0,0,0,0,0
parsec_2.1.facesim.simlarge.prebuilt.drop_1500M.length_250M_4T,spp,0,0,0,0,0
parsec_2.1.facesim.simlarge.prebuilt.drop_1500M.length_250M_4T,bingo,0,0,0,0,0
parsec_2.1.facesim.simlarge.prebuilt.drop_1500M.length_250M_4T,mlop,0,0,0,0,0
parsec_2.1.facesim.simlarge.prebuilt.drop_1500M.length_250M_4T,pythia,0,0,0,0,0
parsec_2.1.fluidanimate.simlarge.prebuilt.drop_9500M.length_250M_4T,nopref,0,0,0,0,0
parsec_2.1.fluidanimate.simlarge.prebuilt.drop_9500M.length_250M_4T,spp,0,0,0,0,0
parsec_2.1.fluidanimate.simlarge.prebuilt.drop_9500M.length_250M_4T,bingo,0,0,0,0,0
parsec_2.1.fluidanimate.simlarge.prebuilt.drop_9500M.length_250M_4T,mlop,0,0,0,0,0
parsec_2.1.fluidanimate.simlarge.prebuilt.drop_9500M.length_250M_4T,pythia,0,0,0,0,0
parsec_2.1.streamcluster.simlarge.prebuilt.drop_0M.length_250M_4T,nopref,0,0,0,0,0
parsec_2.1.streamcluster.simlarge.prebuilt.drop_0M.length_250M_4T,spp,0,0,0,0,0
parsec_2.1.streamcluster.simlarge.prebuilt.drop_0M.length_250M_4T,bingo,0,0,0,0,0
parsec_2.1.streamcluster.simlarge.prebuilt.drop_0M.length_250M_4T,mlop,0,0,0,0,0
parsec_2.1.streamcluster.simlarge.prebuilt.drop_0M.length_250M_4T,pythia,0,0,0,0,0
parsec_2.1.streamcluster.simlarge.prebuilt.drop_14750M.length_250M_4T,nopref,0,0,0,0,0
parsec_2.1.streamcluster.simlarge.prebuilt.drop_14750M.length_250M_4T,spp,0,0,0,0,0
parsec_2.1.streamcluster.simlarge.prebuilt.drop_14750M.length_250M_4T,bingo,0,0,0,0,0
parsec_2.1.streamcluster.simlarge.prebuilt.drop_14750M.length_250M_4T,mlop,0,0,0,0,0
parsec_2.1.streamcluster.simlarge.prebuilt.drop_14750M.length_250M_4T,pythia,0,0,0,0,0
parsec_2.1.raytrace.simlarge.prebuilt.drop_23500M.length_250M_4T,nopref,0,0,0,0,0
parsec_2.1.raytrace.simlarge.prebuilt.drop_23500M.length_250M_4T,spp,0,0,0,0,0
parsec_2.1.raytrace.simlarge.prebuilt.drop_23500M.length_250M_4T,bingo,0,0,0,0,0
parsec_2.1.raytrace.simlarge.prebuilt.drop_23500M.length_250M_4T,mlop,0,0,0,0,0
parsec_2.1.raytrace.simlarge.prebuilt.drop_23500M.length_250M_4T,pythia,0,0,0,0,0
parsec_2.1.raytrace.simlarge.prebuilt.drop_23750M.length_250M_4T,nopref,0,0,0,0,0
parsec_2.1.raytrace.simlarge.prebuilt.drop_23750M.length_250M_4T,spp,0,0,0,0,0
parsec_2.1.raytrace.simlarge.prebuilt.drop_23750M.length_250M_4T,bingo,0,0,0,0,0
parsec_2.1.raytrace.simlarge.prebuilt.drop_23750M.length_250M_4T,mlop,0,0,0,0,0
parsec_2.1.raytrace.simlarge.prebuilt.drop_23750M.length_250M_4T,pythia,0,0,0,0,0
cassandra_phase0_core0_4T,nopref,0,0,0,0,0
cassandra_phase0_core0_4T,spp,0,0,0,0,0
cassandra_phase0_core0_4T,bingo,0,0,0,0,0
cassandra_phase0_core0_4T,mlop,0,0,0,0,0
cassandra_phase0_core0_4T,pythia,0,0,0,0,0
cassandra_phase0_core1_4T,nopref,0,0,0,0,0
cassandra_phase0_core1_4T,spp,0,0,0,0,0
cassandra_phase0_core1_4T,bingo,0,0,0,0,0
cassandra_phase0_core1_4T,mlop,0,0,0,0,0
cassandra_phase0_core1_4T,pythia,0,0,0,0,0
cassandra_phase0_core2_4T,nopref,0,0,0,0,0
cassandra_phase0_core2_4T,spp,0,0,0,0,0
cassandra_phase0_core2_4T,bingo,0,0,0,0,0
cassandra_phase0_core2_4T,mlop,0,0,0,0,0
cassandra_phase0_core2_4T,pythia,0,0,0,0,0
cassandra_phase0_core3_4T,nopref,0,0,0,0,0
cassandra_phase0_core3_4T,spp,0,0,0,0,0
cassandra_phase0_core3_4T,bingo,0,0,0,0,0
cassandra_phase0_core3_4T,mlop,0,0,0,0,0
cassandra_phase0_core3_4T,pythia,0,0,0,0,0
cassandra_phase1_core0_4T,nopref,0,0,0,0,0
cassandra_phase1_core0_4T,spp,0,0,0,0,0
cassandra_phase1_core0_4T,bingo,0,0,0,0,0
cassandra_phase1_core0_4T,mlop,0,0,0,0,0
cassandra_phase1_core0_4T,pythia,0,0,0,0,0
cassandra_phase1_core1_4T,nopref,0,0,0,0,0
cassandra_phase1_core1_4T,spp,0,0,0,0,0
cassandra_phase1_core1_4T,bingo,0,0,0,0,0
cassandra_phase1_core1_4T,mlop,0,0,0,0,0
cassandra_phase1_core1_4T,pythia,0,0,0,0,0
cassandra_phase1_core2_4T,nopref,0,0,0,0,0
cassandra_phase1_core2_4T,spp,0,0,0,0,0
cassandra_phase1_core2_4T,bingo,0,0,0,0,0
cassandra_phase1_core2_4T,mlop,0,0,0,0,0
cassandra_phase1_core2_4T,pythia,0,0,0,0,0
cassandra_phase1_core3_4T,nopref,0,0,0,0,0
cassandra_phase1_core3_4T,spp,0,0,0,0,0
cassandra_phase1_core3_4T,bingo,0,0,0,0,0
cassandra_phase1_core3_4T,mlop,0,0,0,0,0
cassandra_phase1_core3_4T,pythia,0,0,0,0,0
cassandra_phase2_core1_4T,nopref,0,0,0,0,0
cassandra_phase2_core1_4T,spp,0,0,0,0,0
cassandra_phase2_core1_4T,bingo,0,0,0,0,0
cassandra_phase2_core1_4T,mlop,0,0,0,0,0
cassandra_phase2_core1_4T,pythia,0,0,0,0,0
cassandra_phase2_core2_4T,nopref,0,0,0,0,0
cassandra_phase2_core2_4T,spp,0,0,0,0,0
cassandra_phase2_core2_4T,bingo,0,0,0,0,0
cassandra_phase2_core2_4T,mlop,0,0,0,0,0
cassandra_phase2_core2_4T,pythia,0,0,0,0,0
cassandra_phase2_core3_4T,nopref,0,0,0,0,0
cassandra_phase2_core3_4T,spp,0,0,0,0,0
cassandra_phase2_core3_4T,bingo,0,0,0,0,0
cassandra_phase2_core3_4T,mlop,0,0,0,0,0
cassandra_phase2_core3_4T,pythia,0,0,0,0,0
cassandra_phase3_core1_4T,nopref,0,0,0,0,0
cassandra_phase3_core1_4T,spp,0,0,0,0,0
cassandra_phase3_core1_4T,bingo,0,0,0,0,0
cassandra_phase3_core1_4T,mlop,0,0,0,0,0
cassandra_phase3_core1_4T,pythia,0,0,0,0,0
cassandra_phase3_core3_4T,nopref,0,0,0,0,0
cassandra_phase3_core3_4T,spp,0,0,0,0,0
cassandra_phase3_core3_4T,bingo,0,0,0,0,0
cassandra_phase3_core3_4T,mlop,0,0,0,0,0
cassandra_phase3_core3_4T,pythia,0,0,0,0,0
cassandra_phase4_core0_4T,nopref,0,0,0,0,0
cassandra_phase4_core0_4T,spp,0,0,0,0,0
cassandra_phase4_core0_4T,bingo,0,0,0,0,0
cassandra_phase4_core0_4T,mlop,0,0,0,0,0
cassandra_phase4_core0_4T,pythia,0,0,0,0,0
cassandra_phase4_core2_4T,nopref,0,0,0,0,0
cassandra_phase4_core2_4T,spp,0,0,0,0,0
cassandra_phase4_core2_4T,bingo,0,0,0,0,0
cassandra_phase4_core2_4T,mlop,0,0,0,0,0
cassandra_phase4_core2_4T,pythia,0,0,0,0,0
cassandra_phase4_core3_4T,nopref,0,0,0,0,0
cassandra_phase4_core3_4T,spp,0,0,0,0,0
cassandra_phase4_core3_4T,bingo,0,0,0,0,0
cassandra_phase4_core3_4T,mlop,0,0,0,0,0
cassandra_phase4_core3_4T,pythia,0,0,0,0,0
cassandra_phase5_core0_4T,nopref,0,0,0,0,0
cassandra_phase5_core0_4T,spp,0,0,0,0,0
cassandra_phase5_core0_4T,bingo,0,0,0,0,0
cassandra_phase5_core0_4T,mlop,0,0,0,0,0
cassandra_phase5_core0_4T,pythia,0,0,0,0,0
cassandra_phase5_core1_4T,nopref,0,0,0,0,0
cassandra_phase5_core1_4T,spp,0,0,0,0,0
cassandra_phase5_core1_4T,bingo,0,0,0,0,0
cassandra_phase5_core1_4T,mlop,0,0,0,0,0
cassandra_phase5_core1_4T,pythia,0,0,0,0,0
cassandra_phase5_core2_4T,nopref,0,0,0,0,0
cassandra_phase5_core2_4T,spp,0,0,0,0,0
cassandra_phase5_core2_4T,bingo,0,0,0,0,0
cassandra_phase5_core2_4T,mlop,0,0,0,0,0
cassandra_phase5_core2_4T,pythia,0,0,0,0,0
cassandra_phase5_core3_4T,nopref,0,0,0,0,0
cassandra_phase5_core3_4T,spp,0,0,0,0,0
cassandra_phase5_core3_4T,bingo,0,0,0,0,0
cassandra_phase5_core3_4T,mlop,0,0,0,0,0
cassandra_phase5_core3_4T,pythia,0,0,0,0,0
cloud9_phase5_core2_4T,nopref,0,0,0,0,0
cloud9_phase5_core2_4T,spp,0,0,0,0,0
cloud9_phase5_core2_4T,bingo,0,0,0,0,0
cloud9_phase5_core2_4T,mlop,0,0,0,0,0
cloud9_phase5_core2_4T,pythia,0,0,0,0,0
nutch_phase0_core0_4T,nopref,0,0,0,0,0
nutch_phase0_core0_4T,spp,0,0,0,0,0
nutch_phase0_core0_4T,bingo,0,0,0,0,0
nutch_phase0_core0_4T,mlop,0,0,0,0,0
nutch_phase0_core0_4T,pythia,0,0,0,0,0
nutch_phase0_core1_4T,nopref,0,0,0,0,0
nutch_phase0_core1_4T,spp,0,0,0,0,0
nutch_phase0_core1_4T,bingo,0,0,0,0,0
nutch_phase0_core1_4T,mlop,0,0,0,0,0
nutch_phase0_core1_4T,pythia,0,0,0,0,0
nutch_phase0_core2_4T,nopref,0,0,0,0,0
nutch_phase0_core2_4T,spp,0,0,0,0,0
nutch_phase0_core2_4T,bingo,0,0,0,0,0
nutch_phase0_core2_4T,mlop,0,0,0,0,0
nutch_phase0_core2_4T,pythia,0,0,0,0,0
nutch_phase0_core3_4T,nopref,0,0,0,0,0
nutch_phase0_core3_4T,spp,0,0,0,0,0
nutch_phase0_core3_4T,bingo,0,0,0,0,0
nutch_phase0_core3_4T,mlop,0,0,0,0,0
nutch_phase0_core3_4T,pythia,0,0,0,0,0
nutch_phase1_core0_4T,nopref,0,0,0,0,0
nutch_phase1_core0_4T,spp,0,0,0,0,0
nutch_phase1_core0_4T,bingo,0,0,0,0,0
nutch_phase1_core0_4T,mlop,0,0,0,0,0
nutch_phase1_core0_4T,pythia,0,0,0,0,0
nutch_phase1_core1_4T,nopref,0,0,0,0,0
nutch_phase1_core1_4T,spp,0,0,0,0,0
nutch_phase1_core1_4T,bingo,0,0,0,0,0
nutch_phase1_core1_4T,mlop,0,0,0,0,0
nutch_phase1_core1_4T,pythia,0,0,0,0,0
nutch_phase1_core2_4T,nopref,0,0,0,0,0
nutch_phase1_core2_4T,spp,0,0,0,0,0
nutch_phase1_core2_4T,bingo,0,0,0,0,0
nutch_phase1_core2_4T,mlop,0,0,0,0,0
nutch_phase1_core2_4T,pythia,0,0,0,0,0
nutch_phase1_core3_4T,nopref,0,0,0,0,0
nutch_phase1_core3_4T,spp,0,0,0,0,0
nutch_phase1_core3_4T,bingo,0,0,0,0,0
nutch_phase1_core3_4T,mlop,0,0,0,0,0
nutch_phase1_core3_4T,pythia,0,0,0,0,0
nutch_phase3_core0_4T,nopref,0,0,0,0,0
nutch_phase3_core0_4T,spp,0,0,0,0,0
nutch_phase3_core0_4T,bingo,0,0,0,0,0
nutch_phase3_core0_4T,mlop,0,0,0,0,0
nutch_phase3_core0_4T,pythia,0,0,0,0,0
nutch_phase3_core1_4T,nopref,0,0,0,0,0
nutch_phase3_core1_4T,spp,0,0,0,0,0
nutch_phase3_core1_4T,bingo,0,0,0,0,0
nutch_phase3_core1_4T,mlop,0,0,0,0,0
nutch_phase3_core1_4T,pythia,0,0,0,0,0
nutch_phase3_core2_4T,nopref,0,0,0,0,0
nutch_phase3_core2_4T,spp,0,0,0,0,0
nutch_phase3_core2_4T,bingo,0,0,0,0,0
nutch_phase3_core2_4T,mlop,0,0,0,0,0
nutch_phase3_core2_4T,pythia,0,0,0,0,0
nutch_phase3_core3_4T,nopref,0,0,0,0,0
nutch_phase3_core3_4T,spp,0,0,0,0,0
nutch_phase3_core3_4T,bingo,0,0,0,0,0
nutch_phase3_core3_4T,mlop,0,0,0,0,0
nutch_phase3_core3_4T,pythia,0,0,0,0,0
nutch_phase4_core0_4T,nopref,0,0,0,0,0
nutch_phase4_core0_4T,spp,0,0,0,0,0
nutch_phase4_core0_4T,bingo,0,0,0,0,0
nutch_phase4_core0_4T,mlop,0,0,0,0,0
nutch_phase4_core0_4T,pythia,0,0,0,0,0
nutch_phase4_core1_4T,nopref,0,0,0,0,0
nutch_phase4_core1_4T,spp,0,0,0,0,0
nutch_phase4_core1_4T,bingo,0,0,0,0,0
nutch_phase4_core1_4T,mlop,0,0,0,0,0
nutch_phase4_core1_4T,pythia,0,0,0,0,0
nutch_phase4_core2_4T,nopref,0,0,0,0,0
nutch_phase4_core2_4T,spp,0,0,0,0,0
nutch_phase4_core2_4T,bingo,0,0,0,0,0
nutch_phase4_core2_4T,mlop,0,0,0,0,0
nutch_phase4_core2_4T,pythia,0,0,0,0,0
nutch_phase4_core3_4T,nopref,0,0,0,0,0
nutch_phase4_core3_4T,spp,0,0,0,0,0
nutch_phase4_core3_4T,bingo,0,0,0,0,0
nutch_phase4_core3_4T,mlop,0,0,0,0,0
nutch_phase4_core3_4T,pythia,0,0,0,0,0
streaming_phase0_core1_4T,nopref,0,0,0,0,0
streaming_phase0_core1_4T,spp,0,0,0,0,0
streaming_phase0_core1_4T,bingo,0,0,0,0,0
streaming_phase0_core1_4T,mlop,0,0,0,0,0
streaming_phase0_core1_4T,pythia,0,0,0,0,0
streaming_phase1_core0_4T,nopref,0,0,0,0,0
streaming_phase1_core0_4T,spp,0,0,0,0,0
streaming_phase1_core0_4T,bingo,0,0,0,0,0
streaming_phase1_core0_4T,mlop,0,0,0,0,0
streaming_phase1_core0_4T,pythia,0,0,0,0,0
streaming_phase1_core1_4T,nopref,0,0,0,0,0
streaming_phase1_core1_4T,spp,0,0,0,0,0
streaming_phase1_core1_4T,bingo,0,0,0,0,0
streaming_phase1_core1_4T,mlop,0,0,0,0,0
streaming_phase1_core1_4T,pythia,0,0,0,0,0
streaming_phase1_core3_4T,nopref,0,0,0,0,0
streaming_phase1_core3_4T,spp,0,0,0,0,0
streaming_phase1_core3_4T,bingo,0,0,0,0,0
streaming_phase1_core3_4T,mlop,0,0,0,0,0
streaming_phase1_core3_4T,pythia,0,0,0,0,0
streaming_phase2_core0_4T,nopref,0,0,0,0,0
streaming_phase2_core0_4T,spp,0,0,0,0,0
streaming_phase2_core0_4T,bingo,0,0,0,0,0
streaming_phase2_core0_4T,mlop,0,0,0,0,0
streaming_phase2_core0_4T,pythia,0,0,0,0,0
streaming_phase2_core1_4T,nopref,0,0,0,0,0
streaming_phase2_core1_4T,spp,0,0,0,0,0
streaming_phase2_core1_4T,bingo,0,0,0,0,0
streaming_phase2_core1_4T,mlop,0,0,0,0,0
streaming_phase2_core1_4T,pythia,0,0,0,0,0
streaming_phase2_core2_4T,nopref,0,0,0,0,0
streaming_phase2_core2_4T,spp,0,0,0,0,0
streaming_phase2_core2_4T,bingo,0,0,0,0,0
streaming_phase2_core2_4T,mlop,0,0,0,0,0
streaming_phase2_core2_4T,pythia,0,0,0,0,0
streaming_phase2_core3_4T,nopref,0,0,0,0,0
streaming_phase2_core3_4T,spp,0,0,0,0,0
streaming_phase2_core3_4T,bingo,0,0,0,0,0
streaming_phase2_core3_4T,mlop,0,0,0,0,0
streaming_phase2_core3_4T,pythia,0,0,0,0,0
streaming_phase3_core0_4T,nopref,0,0,0,0,0
streaming_phase3_core0_4T,spp,0,0,0,0,0
streaming_phase3_core0_4T,bingo,0,0,0,0,0
streaming_phase3_core0_4T,mlop,0,0,0,0,0
streaming_phase3_core0_4T,pythia,0,0,0,0,0
streaming_phase3_core1_4T,nopref,0,0,0,0,0
streaming_phase3_core1_4T,spp,0,0,0,0,0
streaming_phase3_core1_4T,bingo,0,0,0,0,0
streaming_phase3_core1_4T,mlop,0,0,0,0,0
streaming_phase3_core1_4T,pythia,0,0,0,0,0
streaming_phase3_core3_4T,nopref,0,0,0,0,0
streaming_phase3_core3_4T,spp,0,0,0,0,0
streaming_phase3_core3_4T,bingo,0,0,0,0,0
streaming_phase3_core3_4T,mlop,0,0,0,0,0
streaming_phase3_core3_4T,pythia,0,0,0,0,0
streaming_phase4_core0_4T,nopref,0,0,0,0,0
streaming_phase4_core0_4T,spp,0,0,0,0,0
streaming_phase4_core0_4T,bingo,0,0,0,0,0
streaming_phase4_core0_4T,mlop,0,0,0,0,0
streaming_phase4_core0_4T,pythia,0,0,0,0,0
streaming_phase4_core1_4T,nopref,0,0,0,0,0
streaming_phase4_core1_4T,spp,0,0,0,0,0
streaming_phase4_core1_4T,bingo,0,0,0,0,0
streaming_phase4_core1_4T,mlop,0,0,0,0,0
streaming_phase4_core1_4T,pythia,0,0,0,0,0
streaming_phase4_core3_4T,nopref,0,0,0,0,0
streaming_phase4_core3_4T,spp,0,0,0,0,0
streaming_phase4_core3_4T,bingo,0,0,0,0,0
streaming_phase4_core3_4T,mlop,0,0,0,0,0
streaming_phase4_core3_4T,pythia,0,0,0,0,0
streaming_phase5_core0_4T,nopref,0,0,0,0,0
streaming_phase5_core0_4T,spp,0,0,0,0,0
streaming_phase5_core0_4T,bingo,0,0,0,0,0
streaming_phase5_core0_4T,mlop,0,0,0,0,0
streaming_phase5_core0_4T,pythia,0,0,0,0,0
streaming_phase5_core1_4T,nopref,0,0,0,0,0
streaming_phase5_core1_4T,spp,0,0,0,0,0
streaming_phase5_core1_4T,bingo,0,0,0,0,0
streaming_phase5_core1_4T,mlop,0,0,0,0,0
streaming_phase5_core1_4T,pythia,0,0,0,0,0
MP_mix_2,nopref,0,0,0,0,0
MP_mix_2,spp,0,0,0,0,0
MP_mix_2,bingo,0,0,0,0,0
MP_mix_2,mlop,0,0,0,0,0
MP_mix_2,pythia,0,0,0,0,0
MP_mix_5,nopref,0,0,0,0,0
MP_mix_5,spp,0,0,0,0,0
MP_mix_5,bingo,0,0,0,0,0
MP_mix_5,mlop,0,0,0,0,0
MP_mix_5,pythia,0,0,0,0,0
MP_mix_7,nopref,0,0,0,0,0
MP_mix_7,spp,0,0,0,0,0
MP_mix_7,bingo,0,0,0,0,0
MP_mix_7,mlop,0,0,0,0,0
MP_mix_7,pythia,0,0,0,0,0
MP_mix_10,nopref,0,0,0,0,0
MP_mix_10,spp,0,0,0,0,0
MP_mix_10,bingo,0,0,0,0,0
MP_mix_10,mlop,0,0,0,0,0
MP_mix_10,pythia,0,0,0,0,0
MP_mix_11,nopref,0,0,0,0,0
MP_mix_11,spp,0,0,0,0,0
MP_mix_11,bingo,0,0,0,0,0
MP_mix_11,mlop,0,0,0,0,0
MP_mix_11,pythia,0,0,0,0,0
MP_mix_12,nopref,0,0,0,0,0
MP_mix_12,spp,0,0,0,0,0
MP_mix_12,bingo,0,0,0,0,0
MP_mix_12,mlop,0,0,0,0,0
MP_mix_12,pythia,0,0,0,0,0
MP_mix_15,nopref,0,0,0,0,0
MP_mix_15,spp,0,0,0,0,0
MP_mix_15,bingo,0,0,0,0,0
MP_mix_15,mlop,0,0,0,0,0
MP_mix_15,pythia,0,0,0,0,0
MP_mix_16,nopref,0,0,0,0,0
MP_mix_16,spp,0,0,0,0,0
MP_mix_16,bingo,0,0,0,0,0
MP_mix_16,mlop,0,0,0,0,0
MP_mix_16,pythia,0,0,0,0,0
MP_mix_18,nopref,0,0,0,0,0
MP_mix_18,spp,0,0,0,0,0
MP_mix_18,bingo,0,0,0,0,0
MP_mix_18,mlop,0,0,0,0,0
MP_mix_18,pythia,0,0,0,0,0
MP_mix_19,nopref,0,0,0,0,0
MP_mix_19,spp,0,0,0,0,0
MP_mix_19,bingo,0,0,0,0,0
MP_mix_19,mlop,0,0,0,0,0
MP_mix_19,pythia,0,0,0,0,0
MP_mix_21,nopref,0,0,0,0,0
MP_mix_21,spp,0,0,0,0,0
MP_mix_21,bingo,0,0,0,0,0
MP_mix_21,mlop,0,0,0,0,0
MP_mix_21,pythia,0,0,0,0,0
MP_mix_23,nopref,0,0,0,0,0
MP_mix_23,spp,0,0,0,0,0
MP_mix_23,bingo,0,0,0,0,0
MP_mix_23,mlop,0,0,0,0,0
MP_mix_23,pythia,0,0,0,0,0
MP_mix_24,nopref,0,0,0,0,0
MP_mix_24,spp,0,0,0,0,0
MP_mix_24,bingo,0,0,0,0,0
MP_mix_24,mlop,0,0,0,0,0
MP_mix_24,pythia,0,0,0,0,0
MP_mix_25,nopref,0,0,0,0,0
MP_mix_25,spp,0,0,0,0,0
MP_mix_25,bingo,0,0,0,0,0
MP_mix_25,mlop,0,0,0,0,0
MP_mix_25,pythia,0,0,0,0,0
MP_mix_29,nopref,0,0,0,0,0
MP_mix_29,spp,0,0,0,0,0
MP_mix_29,bingo,0,0,0,0,0
MP_mix_29,mlop,0,0,0,0,0
MP_mix_29,pythia,0,0,0,0,0
MP_mix_32,nopref,0,0,0,0,0
MP_mix_32,spp,0,0,0,0,0
MP_mix_32,bingo,0,0,0,0,0
MP_mix_32,mlop,0,0,0,0,0
MP_mix_32,pythia,0,0,0,0,0
MP_mix_34,nopref,0,0,0,0,0
MP_mix_34,spp,0,0,0,0,0
MP_mix_34,bingo,0,0,0,0,0
MP_mix_34,mlop,0,0,0,0,0
MP_mix_34,pythia,0,0,0,0,0
MP_mix_36,nopref,0,0,0,0,0
MP_mix_36,spp,0,0,0,0,0
MP_mix_36,bingo,0,0,0,0,0
MP_mix_36,mlop,0,0,0,0,0
MP_mix_36,pythia,0,0,0,0,0
MP_mix_39,nopref,0,0,0,0,0
MP_mix_39,spp,0,0,0,0,0
MP_mix_39,bingo,0,0,0,0,0
MP_mix_39,mlop,0,0,0,0,0
MP_mix_39,pythia,0,0,0,0,0
MP_mix_40,nopref,0,0,0,0,0
MP_mix_40,spp,0,0,0,0,0
MP_mix_40,bingo,0,0,0,0,0
MP_mix_40,mlop,0,0,0,0,0
MP_mix_40,pythia,0,0,0,0,0
MP_mix_41,nopref,0,0,0,0,0
MP_mix_41,spp,0,0,0,0,0
MP_mix_41,bingo,0,0,0,0,0
MP_mix_41,mlop,0,0,0,0,0
MP_mix_41,pythia,0,0,0,0,0
MP_mix_42,nopref,0,0,0,0,0
MP_mix_42,spp,0,0,0,0,0
MP_mix_42,bingo,0,0,0,0,0
MP_mix_42,mlop,0,0,0,0,0
MP_mix_42,pythia,0,0,0,0,0
MP_mix_45,nopref,0,0,0,0,0
MP_mix_45,spp,0,0,0,0,0
MP_mix_45,bingo,0,0,0,0,0
MP_mix_45,mlop,0,0,0,0,0
MP_mix_45,pythia,0,0,0,0,0
MP_mix_46,nopref,0,0,0,0,0
MP_mix_46,spp,0,0,0,0,0
MP_mix_46,bingo,0,0,0,0,0
MP_mix_46,mlop,0,0,0,0,0
MP_mix_46,pythia,0,0,0,0,0
MP_mix_49,nopref,0,0,0,0,0
MP_mix_49,spp,0,0,0,0,0
MP_mix_49,bingo,0,0,0,0,0
MP_mix_49,mlop,0,0,0,0,0
MP_mix_49,pythia,0,0,0,0,0
MP_mix_52,nopref,0,0,0,0,0
MP_mix_52,spp,0,0,0,0,0
MP_mix_52,bingo,0,0,0,0,0
MP_mix_52,mlop,0,0,0,0,0
MP_mix_52,pythia,0,0,0,0,0
MP_mix_54,nopref,0,0,0,0,0
MP_mix_54,spp,0,0,0,0,0
MP_mix_54,bingo,0,0,0,0,0
MP_mix_54,mlop,0,0,0,0,0
MP_mix_54,pythia,0,0,0,0,0
MP_mix_55,nopref,0,0,0,0,0
MP_mix_55,spp,0,0,0,0,0
MP_mix_55,bingo,0,0,0,0,0
MP_mix_55,mlop,0,0,0,0,0
MP_mix_55,pythia,0,0,0,0,0
MP_mix_57,nopref,0,0,0,0,0
MP_mix_57,spp,0,0,0,0,0
MP_mix_57,bingo,0,0,0,0,0
MP_mix_57,mlop,0,0,0,0,0
MP_mix_57,pythia,0,0,0,0,0
MP_mix_59,nopref,0,0,0,0,0
MP_mix_59,spp,0,0,0,0,0
MP_mix_59,bingo,0,0,0,0,0
MP_mix_59,mlop,0,0,0,0,0
MP_mix_59,pythia,0,0,0,0,0
MP_mix_60,nopref,0,0,0,0,0
MP_mix_60,spp,0,0,0,0,0
MP_mix_60,bingo,0,0,0,0,0
MP_mix_60,mlop,0,0,0,0,0
MP_mix_60,pythia,0,0,0,0,0
MP_mix_61,nopref,0,0,0,0,0
MP_mix_61,spp,0,0,0,0,0
MP_mix_61,bingo,0,0,0,0,0
MP_mix_61,mlop,0,0,0,0,0
MP_mix_61,pythia,0,0,0,0,0
MP_mix_62,nopref,0,0,0,0,0
MP_mix_62,spp,0,0,0,0,0
MP_mix_62,bingo,0,0,0,0,0
MP_mix_62,mlop,0,0,0,0,0
MP_mix_62,pythia,0,0,0,0,0
MP_mix_63,nopref,0,0,0,0,0
MP_mix_63,spp,0,0,0,0,0
MP_mix_63,bingo,0,0,0,0,0
MP_mix_63,mlop,0,0,0,0,0
MP_mix_63,pythia,0,0,0,0,0
MP_mix_64,nopref,0,0,0,0,0
MP_mix_64,spp,0,0,0,0,0
MP_mix_64,bingo,0,0,0,0,0
MP_mix_64,mlop,0,0,0,0,0
MP_mix_64,pythia,0,0,0,0,0
MP_mix_65,nopref,0,0,0,0,0
MP_mix_65,spp,0,0,0,0,0
MP_mix_65,bingo,0,0,0,0,0
MP_mix_65,mlop,0,0,0,0,0
MP_mix_65,pythia,0,0,0,0,0
MP_mix_66,nopref,0,0,0,0,0
MP_mix_66,spp,0,0,0,0,0
MP_mix_66,bingo,0,0,0,0,0
MP_mix_66,mlop,0,0,0,0,0
MP_mix_66,pythia,0,0,0,0,0
MP_mix_67,nopref,0,0,0,0,0
MP_mix_67,spp,0,0,0,0,0
MP_mix_67,bingo,0,0,0,0,0
MP_mix_67,mlop,0,0,0,0,0
MP_mix_67,pythia,0,0,0,0,0
MP_mix_69,nopref,0,0,0,0,0
MP_mix_69,spp,0,0,0,0,0
MP_mix_69,bingo,0,0,0,0,0
MP_mix_69,mlop,0,0,0,0,0
MP_mix_69,pythia,0,0,0,0,0
MP_mix_70,nopref,0,0,0,0,0
MP_mix_70,spp,0,0,0,0,0
MP_mix_70,bingo,0,0,0,0,0
MP_mix_70,mlop,0,0,0,0,0
MP_mix_70,pythia,0,0,0,0,0
MP_mix_74,nopref,0,0,0,0,0
MP_mix_74,spp,0,0,0,0,0
MP_mix_74,bingo,0,0,0,0,0
MP_mix_74,mlop,0,0,0,0,0
MP_mix_74,pythia,0,0,0,0,0
MP_mix_75,nopref,0,0,0,0,0
MP_mix_75,spp,0,0,0,0,0
MP_mix_75,bingo,0,0,0,0,0
MP_mix_75,mlop,0,0,0,0,0
MP_mix_75,pythia,0,0,0,0,0
MP_mix_76,nopref,0,0,0,0,0
MP_mix_76,spp,0,0,0,0,0
MP_mix_76,bingo,0,0,0,0,0
MP_mix_76,mlop,0,0,0,0,0
MP_mix_76,pythia,0,0,0,0,0
MP_mix_77,nopref,0,0,0,0,0
MP_mix_77,spp,0,0,0,0,0
MP_mix_77,bingo,0,0,0,0,0
MP_mix_77,mlop,0,0,0,0,0
MP_mix_77,pythia,0,0,0,0,0
MP_mix_79,nopref,0,0,0,0,0
MP_mix_79,spp,0,0,0,0,0
MP_mix_79,bingo,0,0,0,0,0
MP_mix_79,mlop,0,0,0,0,0
MP_mix_79,pythia,0,0,0,0,0
MP_mix_82,nopref,0,0,0,0,0
MP_mix_82,spp,0,0,0,0,0
MP_mix_82,bingo,0,0,0,0,0
MP_mix_82,mlop,0,0,0,0,0
MP_mix_82,pythia,0,0,0,0,0
MP_mix_84,nopref,0,0,0,0,0
MP_mix_84,spp,0,0,0,0,0
MP_mix_84,bingo,0,0,0,0,0
MP_mix_84,mlop,0,0,0,0,0
MP_mix_84,pythia,0,0,0,0,0
MP_mix_87,nopref,0,0,0,0,0
MP_mix_87,spp,0,0,0,0,0
MP_mix_87,bingo,0,0,0,0,0
MP_mix_87,mlop,0,0,0,0,0
MP_mix_87,pythia,0,0,0,0,0
MP_mix_89,nopref,0,0,0,0,0
MP_mix_89,spp,0,0,0,0,0
MP_mix_89,bingo,0,0,0,0,0
MP_mix_89,mlop,0,0,0,0,0
MP_mix_89,pythia,0,0,0,0,0
MP_mix_91,nopref,0,0,0,0,0
MP_mix_91,spp,0,0,0,0,0
MP_mix_91,bingo,0,0,0,0,0
MP_mix_91,mlop,0,0,0,0,0
MP_mix_91,pythia,0,0,0,0,0
MP_mix_92,nopref,0,0,0,0,0
MP_mix_92,spp,0,0,0,0,0
MP_mix_92,bingo,0,0,0,0,0
MP_mix_92,mlop,0,0,0,0,0
MP_mix_92,pythia,0,0,0,0,0
MP_mix_93,nopref,0,0,0,0,0
MP_mix_93,spp,0,0,0,0,0
MP_mix_93,bingo,0,0,0,0,0
MP_mix_93,mlop,0,0,0,0,0
MP_mix_93,pythia,0,0,0,0,0
MP_mix_95,nopref,0,0,0,0,0
MP_mix_95,spp,0,0,0,0,0
MP_mix_95,bingo,0,0,0,0,0
MP_mix_95,mlop,0,0,0,0,0
MP_mix_95,pythia,0,0,0,0,0
MP_mix_96,nopref,0,0,0,0,0
MP_mix_96,spp,0,0,0,0,0
MP_mix_96,bingo,0,0,0,0,0
MP_mix_96,mlop,0,0,0,0,0
MP_mix_96,pythia,0,0,0,0,0
MP_mix_97,nopref,0,0,0,0,0
MP_mix_97,spp,0,0,0,0,0
MP_mix_97,bingo,0,0,0,0,0
MP_mix_97,mlop,0,0,0,0,0
MP_mix_97,pythia,0,0,0,0,0
MP_mix_100,nopref,0,0,0,0,0
MP_mix_100,spp,0,0,0,0,0
MP_mix_100,bingo,0,0,0,0,0
MP_mix_100,mlop,0,0,0,0,0
MP_mix_100,pythia,0,0,0,0,0
MP_mix_101,nopref,0,0,0,0,0
MP_mix_101,spp,0,0,0,0,0
MP_mix_101,bingo,0,0,0,0,0
MP_mix_101,mlop,0,0,0,0,0
MP_mix_101,pythia,0,0,0,0,0
MP_mix_102,nopref,0,0,0,0,0
MP_mix_102,spp,0,0,0,0,0
MP_mix_102,bingo,0,0,0,0,0
MP_mix_102,mlop,0,0,0,0,0
MP_mix_102,pythia,0,0,0,0,0
MP_mix_103,nopref,0,0,0,0,0
MP_mix_103,spp,0,0,0,0,0
MP_mix_103,bingo,0,0,0,0,0
MP_mix_103,mlop,0,0,0,0,0
MP_mix_103,pythia,0,0,0,0,0
MP_mix_104,nopref,0,0,0,0,0
MP_mix_104,spp,0,0,0,0,0
MP_mix_104,bingo,0,0,0,0,0
MP_mix_104,mlop,0,0,0,0,0
MP_mix_104,pythia,0,0,0,0,0
MP_mix_106,nopref,0,0,0,0,0
MP_mix_106,spp,0,0,0,0,0
MP_mix_106,bingo,0,0,0,0,0
MP_mix_106,mlop,0,0,0,0,0
MP_mix_106,pythia,0,0,0,0,0
MP_mix_107,nopref,0,0,0,0,0
MP_mix_107,spp,0,0,0,0,0
MP_mix_107,bingo,0,0,0,0,0
MP_mix_107,mlop,0,0,0,0,0
MP_mix_107,pythia,0,0,0,0,0
MP_mix_110,nopref,0,0,0,0,0
MP_mix_110,spp,0,0,0,0,0
MP_mix_110,bingo,0,0,0,0,0
MP_mix_110,mlop,0,0,0,0,0
MP_mix_110,pythia,0,0,0,0,0
MP_mix_111,nopref,0,0,0,0,0
MP_mix_111,spp,0,0,0,0,0
MP_mix_111,bingo,0,0,0,0,0
MP_mix_111,mlop,0,0,0,0,0
MP_mix_111,pythia,0,0,0,0,0
MP_mix_116,nopref,0,0,0,0,0
MP_mix_116,spp,0,0,0,0,0
MP_mix_116,bingo,0,0,0,0,0
MP_mix_116,mlop,0,0,0,0,0
MP_mix_116,pythia,0,0,0,0,0
MP_mix_117,nopref,0,0,0,0,0
MP_mix_117,spp,0,0,0,0,0
MP_mix_117,bingo,0,0,0,0,0
MP_mix_117,mlop,0,0,0,0,0
MP_mix_117,pythia,0,0,0,0,0
MP_mix_121,nopref,0,0,0,0,0
MP_mix_121,spp,0,0,0,0,0
MP_mix_121,bingo,0,0,0,0,0
MP_mix_121,mlop,0,0,0,0,0
MP_mix_121,pythia,0,0,0,0,0
MP_mix_123,nopref,0,0,0,0,0
MP_mix_123,spp,0,0,0,0,0
MP_mix_123,bingo,0,0,0,0,0
MP_mix_123,mlop,0,0,0,0,0
MP_mix_123,pythia,0,0,0,0,0
MP_mix_124,nopref,0,0,0,0,0
MP_mix_124,spp,0,0,0,0,0
MP_mix_124,bingo,0,0,0,0,0
MP_mix_124,mlop,0,0,0,0,0
MP_mix_124,pythia,0,0,0,0,0
MP_mix_126,nopref,0,0,0,0,0
MP_mix_126,spp,0,0,0,0,0
MP_mix_126,bingo,0,0,0,0,0
MP_mix_126,mlop,0,0,0,0,0
MP_mix_126,pythia,0,0,0,0,0
MP_mix_127,nopref,0,0,0,0,0
MP_mix_127,spp,0,0,0,0,0
MP_mix_127,bingo,0,0,0,0,0
MP_mix_127,mlop,0,0,0,0,0
MP_mix_127,pythia,0,0,0,0,0
MP_mix_128,nopref,0,0,0,0,0
MP_mix_128,spp,0,0,0,0,0
MP_mix_128,bingo,0,0,0,0,0
MP_mix_128,mlop,0,0,0,0,0
MP_mix_128,pythia,0,0,0,0,0
MP_mix_134,nopref,0,0,0,0,0
MP_mix_134,spp,0,0,0,0,0
MP_mix_134,bingo,0,0,0,0,0
MP_mix_134,mlop,0,0,0,0,0
MP_mix_134,pythia,0,0,0,0,0
MP_mix_136,nopref,0,0,0,0,0
MP_mix_136,spp,0,0,0,0,0
MP_mix_136,bingo,0,0,0,0,0
MP_mix_136,mlop,0,0,0,0,0
MP_mix_136,pythia,0,0,0,0,0
MP_mix_137,nopref,0,0,0,0,0
MP_mix_137,spp,0,0,0,0,0
MP_mix_137,bingo,0,0,0,0,0
MP_mix_137,mlop,0,0,0,0,0
MP_mix_137,pythia,0,0,0,0,0
MP_mix_138,nopref,0,0,0,0,0
MP_mix_138,spp,0,0,0,0,0
MP_mix_138,bingo,0,0,0,0,0
MP_mix_138,mlop,0,0,0,0,0
MP_mix_138,pythia,0,0,0,0,0
MP_mix_139,nopref,0,0,0,0,0
MP_mix_139,spp,0,0,0,0,0
MP_mix_139,bingo,0,0,0,0,0
MP_mix_139,mlop,0,0,0,0,0
MP_mix_139,pythia,0,0,0,0,0
MP_mix_142,nopref,0,0,0,0,0
MP_mix_142,spp,0,0,0,0,0
MP_mix_142,bingo,0,0,0,0,0
MP_mix_142,mlop,0,0,0,0,0
MP_mix_142,pythia,0,0,0,0,0
MP_mix_143,nopref,0,0,0,0,0
MP_mix_143,spp,0,0,0,0,0
MP_mix_143,bingo,0,0,0,0,0
MP_mix_143,mlop,0,0,0,0,0
MP_mix_143,pythia,0,0,0,0,0
MP_mix_145,nopref,0,0,0,0,0
MP_mix_145,spp,0,0,0,0,0
MP_mix_145,bingo,0,0,0,0,0
MP_mix_145,mlop,0,0,0,0,0
MP_mix_145,pythia,0,0,0,0,0
MP_mix_147,nopref,0,0,0,0,0
MP_mix_147,spp,0,0,0,0,0
MP_mix_147,bingo,0,0,0,0,0
MP_mix_147,mlop,0,0,0,0,0
MP_mix_147,pythia,0,0,0,0,0
MP_mix_150,nopref,0,0,0,0,0
MP_mix_150,spp,0,0,0,0,0
MP_mix_150,bingo,0,0,0,0,0
MP_mix_150,mlop,0,0,0,0,0
MP_mix_150,pythia,0,0,0,0,0
MP_mix_151,nopref,0,0,0,0,0
MP_mix_151,spp,0,0,0,0,0
MP_mix_151,bingo,0,0,0,0,0
MP_mix_151,mlop,0,0,0,0,0
MP_mix_151,pythia,0,0,0,0,0
MP_mix_152,nopref,0,0,0,0,0
MP_mix_152,spp,0,0,0,0,0
MP_mix_152,bingo,0,0,0,0,0
MP_mix_152,mlop,0,0,0,0,0
MP_mix_152,pythia,0,0,0,0,0
MP_mix_154,nopref,0,0,0,0,0
MP_mix_154,spp,0,0,0,0,0
MP_mix_154,bingo,0,0,0,0,0
MP_mix_154,mlop,0,0,0,0,0
MP_mix_154,pythia,0,0,0,0,0
MP_mix_158,nopref,0,0,0,0,0
MP_mix_158,spp,0,0,0,0,0
MP_mix_158,bingo,0,0,0,0,0
MP_mix_158,mlop,0,0,0,0,0
MP_mix_158,pythia,0,0,0,0,0
MP_mix_160,nopref,0,0,0,0,0
MP_mix_160,spp,0,0,0,0,0
MP_mix_160,bingo,0,0,0,0,0
MP_mix_160,mlop,0,0,0,0,0
MP_mix_160,pythia,0,0,0,0,0
MP_mix_161,nopref,0,0,0,0,0
MP_mix_161,spp,0,0,0,0,0
MP_mix_161,bingo,0,0,0,0,0
MP_mix_161,mlop,0,0,0,0,0
MP_mix_161,pythia,0,0,0,0,0
MP_mix_162,nopref,0,0,0,0,0
MP_mix_162,spp,0,0,0,0,0
MP_mix_162,bingo,0,0,0,0,0
MP_mix_162,mlop,0,0,0,0,0
MP_mix_162,pythia,0,0,0,0,0
MP_mix_164,nopref,0,0,0,0,0
MP_mix_164,spp,0,0,0,0,0
MP_mix_164,bingo,0,0,0,0,0
MP_mix_164,mlop,0,0,0,0,0
MP_mix_164,pythia,0,0,0,0,0
MP_mix_165,nopref,0,0,0,0,0
MP_mix_165,spp,0,0,0,0,0
MP_mix_165,bingo,0,0,0,0,0
MP_mix_165,mlop,0,0,0,0,0
MP_mix_165,pythia,0,0,0,0,0
MP_mix_166,nopref,0,0,0,0,0
MP_mix_166,spp,0,0,0,0,0
MP_mix_166,bingo,0,0,0,0,0
MP_mix_166,mlop,0,0,0,0,0
MP_mix_166,pythia,0,0,0,0,0
MP_mix_167,nopref,0,0,0,0,0
MP_mix_167,spp,0,0,0,0,0
MP_mix_167,bingo,0,0,0,0,0
MP_mix_167,mlop,0,0,0,0,0
MP_mix_167,pythia,0,0,0,0,0
MP_mix_168,nopref,0,0,0,0,0
MP_mix_168,spp,0,0,0,0,0
MP_mix_168,bingo,0,0,0,0,0
MP_mix_168,mlop,0,0,0,0,0
MP_mix_168,pythia,0,0,0,0,0
MP_mix_169,nopref,0,0,0,0,0
MP_mix_169,spp,0,0,0,0,0
MP_mix_169,bingo,0,0,0,0,0
MP_mix_169,mlop,0,0,0,0,0
MP_mix_169,pythia,0,0,0,0,0
MP_mix_170,nopref,0,0,0,0,0
MP_mix_170,spp,0,0,0,0,0
MP_mix_170,bingo,0,0,0,0,0
MP_mix_170,mlop,0,0,0,0,0
MP_mix_170,pythia,0,0,0,0,0
MP_mix_171,nopref,0,0,0,0,0
MP_mix_171,spp,0,0,0,0,0
MP_mix_171,bingo,0,0,0,0,0
MP_mix_171,mlop,0,0,0,0,0
MP_mix_171,pythia,0,0,0,0,0
MP_mix_172,nopref,0,0,0,0,0
MP_mix_172,spp,0,0,0,0,0
MP_mix_172,bingo,0,0,0,0,0
MP_mix_172,mlop,0,0,0,0,0
MP_mix_172,pythia,0,0,0,0,0
MP_mix_175,nopref,0,0,0,0,0
MP_mix_175,spp,0,0,0,0,0
MP_mix_175,bingo,0,0,0,0,0
MP_mix_175,mlop,0,0,0,0,0
MP_mix_175,pythia,0,0,0,0,0
MP_mix_178,nopref,0,0,0,0,0
MP_mix_178,spp,0,0,0,0,0
MP_mix_178,bingo,0,0,0,0,0
MP_mix_178,mlop,0,0,0,0,0
MP_mix_178,pythia,0,0,0,0,0
MP_mix_179,nopref,0,0,0,0,0
MP_mix_179,spp,0,0,0,0,0
MP_mix_179,bingo,0,0,0,0,0
MP_mix_179,mlop,0,0,0,0,0
MP_mix_179,pythia,0,0,0,0,0
MP_mix_181,nopref,0,0,0,0,0
MP_mix_181,spp,0,0,0,0,0
MP_mix_181,bingo,0,0,0,0,0
MP_mix_181,mlop,0,0,0,0,0
MP_mix_181,pythia,0,0,0,0,0
MP_mix_182,nopref,0,0,0,0,0
MP_mix_182,spp,0,0,0,0,0
MP_mix_182,bingo,0,0,0,0,0
MP_mix_182,mlop,0,0,0,0,0
MP_mix_182,pythia,0,0,0,0,0
MP_mix_183,nopref,0,0,0,0,0
MP_mix_183,spp,0,0,0,0,0
MP_mix_183,bingo,0,0,0,0,0
MP_mix_183,mlop,0,0,0,0,0
MP_mix_183,pythia,0,0,0,0,0
MP_mix_188,nopref,0,0,0,0,0
MP_mix_188,spp,0,0,0,0,0
MP_mix_188,bingo,0,0,0,0,0
MP_mix_188,mlop,0,0,0,0,0
MP_mix_188,pythia,0,0,0,0,0
MP_mix_191,nopref,0,0,0,0,0
MP_mix_191,spp,0,0,0,0,0
MP_mix_191,bingo,0,0,0,0,0
MP_mix_191,mlop,0,0,0,0,0
MP_mix_191,pythia,0,0,0,0,0
MP_mix_195,nopref,0,0,0,0,0
MP_mix_195,spp,0,0,0,0,0
MP_mix_195,bingo,0,0,0,0,0
MP_mix_195,mlop,0,0,0,0,0
MP_mix_195,pythia,0,0,0,0,0
MP_mix_197,nopref,0,0,0,0,0
MP_mix_197,spp,0,0,0,0,0
MP_mix_197,bingo,0,0,0,0,0
MP_mix_197,mlop,0,0,0,0,0
MP_mix_197,pythia,0,0,0,0,0
MP_mix_198,nopref,0,0,0,0,0
MP_mix_198,spp,0,0,0,0,0
MP_mix_198,bingo,0,0,0,0,0
MP_mix_198,mlop,0,0,0,0,0
MP_mix_198,pythia,0,0,0,0,0
MP_mix_199,nopref,0,0,0,0,0
MP_mix_199,spp,0,0,0,0,0
MP_mix_199,bingo,0,0,0,0,0
MP_mix_199,mlop,0,0,0,0,0
MP_mix_199,pythia,0,0,0,0,0
MP_mix_200,nopref,0,0,0,0,0
MP_mix_200,spp,0,0,0,0,0
MP_mix_200,bingo,0,0,0,0,0
MP_mix_200,mlop,0,0,0,0,0
MP_mix_200,pythia,0,0,0,0,0
MP_mix_201,nopref,0,0,0,0,0
MP_mix_201,spp,0,0,0,0,0
MP_mix_201,bingo,0,0,0,0,0
MP_mix_201,mlop,0,0,0,0,0
MP_mix_201,pythia,0,0,0,0,0
MP_mix_202,nopref,0,0,0,0,0
MP_mix_202,spp,0,0,0,0,0
MP_mix_202,bingo,0,0,0,0,0
MP_mix_202,mlop,0,0,0,0,0
MP_mix_202,pythia,0,0,0,0,0
MP_mix_205,nopref,0,0,0,0,0
MP_mix_205,spp,0,0,0,0,0
MP_mix_205,bingo,0,0,0,0,0
MP_mix_205,mlop,0,0,0,0,0
MP_mix_205,pythia,0,0,0,0,0
MP_mix_207,nopref,0,0,0,0,0
MP_mix_207,spp,0,0,0,0,0
MP_mix_207,bingo,0,0,0,0,0
MP_mix_207,mlop,0,0,0,0,0
MP_mix_207,pythia,0,0,0,0,0
MP_mix_208,nopref,0,0,0,0,0
MP_mix_208,spp,0,0,0,0,0
MP_mix_208,bingo,0,0,0,0,0
MP_mix_208,mlop,0,0,0,0,0
MP_mix_208,pythia,0,0,0,0,0
MP_mix_211,nopref,0,0,0,0,0
MP_mix_211,spp,0,0,0,0,0
MP_mix_211,bingo,0,0,0,0,0
MP_mix_211,mlop,0,0,0,0,0
MP_mix_211,pythia,0,0,0,0,0
MP_mix_212,nopref,0,0,0,0,0
MP_mix_212,spp,0,0,0,0,0
MP_mix_212,bingo,0,0,0,0,0
MP_mix_212,mlop,0,0,0,0,0
MP_mix_212,pythia,0,0,0,0,0
MP_mix_215,nopref,0,0,0,0,0
MP_mix_215,spp,0,0,0,0,0
MP_mix_215,bingo,0,0,0,0,0
MP_mix_215,mlop,0,0,0,0,0
MP_mix_215,pythia,0,0,0,0,0
MP_mix_220,nopref,0,0,0,0,0
MP_mix_220,spp,0,0,0,0,0
MP_mix_220,bingo,0,0,0,0,0
MP_mix_220,mlop,0,0,0,0,0
MP_mix_220,pythia,0,0,0,0,0
MP_mix_221,nopref,0,0,0,0,0
MP_mix_221,spp,0,0,0,0,0
MP_mix_221,bingo,0,0,0,0,0
MP_mix_221,mlop,0,0,0,0,0
MP_mix_221,pythia,0,0,0,0,0
MP_mix_222,nopref,0,0,0,0,0
MP_mix_222,spp,0,0,0,0,0
MP_mix_222,bingo,0,0,0,0,0
MP_mix_222,mlop,0,0,0,0,0
MP_mix_222,pythia,0,0,0,0,0
MP_mix_223,nopref,0,0,0,0,0
MP_mix_223,spp,0,0,0,0,0
MP_mix_223,bingo,0,0,0,0,0
MP_mix_223,mlop,0,0,0,0,0
MP_mix_223,pythia,0,0,0,0,0
MP_mix_224,nopref,0,0,0,0,0
MP_mix_224,spp,0,0,0,0,0
MP_mix_224,bingo,0,0,0,0,0
MP_mix_224,mlop,0,0,0,0,0
MP_mix_224,pythia,0,0,0,0,0
MP_mix_226,nopref,0,0,0,0,0
MP_mix_226,spp,0,0,0,0,0
MP_mix_226,bingo,0,0,0,0,0
MP_mix_226,mlop,0,0,0,0,0
MP_mix_226,pythia,0,0,0,0,0
MP_mix_227,nopref,0,0,0,0,0
MP_mix_227,spp,0,0,0,0,0
MP_mix_227,bingo,0,0,0,0,0
MP_mix_227,mlop,0,0,0,0,0
MP_mix_227,pythia,0,0,0,0,0
MP_mix_228,nopref,0,0,0,0,0
MP_mix_228,spp,0,0,0,0,0
MP_mix_228,bingo,0,0,0,0,0
MP_mix_228,mlop,0,0,0,0,0
MP_mix_228,pythia,0,0,0,0,0
MP_mix_229,nopref,0,0,0,0,0
MP_mix_229,spp,0,0,0,0,0
MP_mix_229,bingo,0,0,0,0,0
MP_mix_229,mlop,0,0,0,0,0
MP_mix_229,pythia,0,0,0,0,0
MP_mix_230,nopref,0,0,0,0,0
MP_mix_230,spp,0,0,0,0,0
MP_mix_230,bingo,0,0,0,0,0
MP_mix_230,mlop,0,0,0,0,0
MP_mix_230,pythia,0,0,0,0,0
MP_mix_231,nopref,0,0,0,0,0
MP_mix_231,spp,0,0,0,0,0
MP_mix_231,bingo,0,0,0,0,0
MP_mix_231,mlop,0,0,0,0,0
MP_mix_231,pythia,0,0,0,0,0
MP_mix_233,nopref,0,0,0,0,0
MP_mix_233,spp,0,0,0,0,0
MP_mix_233,bingo,0,0,0,0,0
MP_mix_233,mlop,0,0,0,0,0
MP_mix_233,pythia,0,0,0,0,0
MP_mix_235,nopref,0,0,0,0,0
MP_mix_235,spp,0,0,0,0,0
MP_mix_235,bingo,0,0,0,0,0
MP_mix_235,mlop,0,0,0,0,0
MP_mix_235,pythia,0,0,0,0,0
MP_mix_238,nopref,0,0,0,0,0
MP_mix_238,spp,0,0,0,0,0
MP_mix_238,bingo,0,0,0,0,0
MP_mix_238,mlop,0,0,0,0,0
MP_mix_238,pythia,0,0,0,0,0
MP_mix_240,nopref,0,0,0,0,0
MP_mix_240,spp,0,0,0,0,0
MP_mix_240,bingo,0,0,0,0,0
MP_mix_240,mlop,0,0,0,0,0
MP_mix_240,pythia,0,0,0,0,0
MP_mix_241,nopref,0,0,0,0,0
MP_mix_241,spp,0,0,0,0,0
MP_mix_241,bingo,0,0,0,0,0
MP_mix_241,mlop,0,0,0,0,0
MP_mix_241,pythia,0,0,0,0,0
MP_mix_244,nopref,0,0,0,0,0
MP_mix_244,spp,0,0,0,0,0
MP_mix_244,bingo,0,0,0,0,0
MP_mix_244,mlop,0,0,0,0,0
MP_mix_244,pythia,0,0,0,0,0
MP_mix_246,nopref,0,0,0,0,0
MP_mix_246,spp,0,0,0,0,0
MP_mix_246,bingo,0,0,0,0,0
MP_mix_246,mlop,0,0,0,0,0
MP_mix_246,pythia,0,0,0,0,0
MP_mix_247,nopref,0,0,0,0,0
MP_mix_247,spp,0,0,0,0,0
MP_mix_247,bingo,0,0,0,0,0
MP_mix_247,mlop,0,0,0,0,0
MP_mix_247,pythia,0,0,0,0,0
MP_mix_253,nopref,0,0,0,0,0
MP_mix_253,spp,0,0,0,0,0
MP_mix_253,bingo,0,0,0,0,0
MP_mix_253,mlop,0,0,0,0,0
MP_mix_253,pythia,0,0,0,0,0
MP_mix_255,nopref,0,0,0,0,0
MP_mix_255,spp,0,0,0,0,0
MP_mix_255,bingo,0,0,0,0,0
MP_mix_255,mlop,0,0,0,0,0
MP_mix_255,pythia,0,0,0,0,0
MP_mix_258,nopref,0,0,0,0,0
MP_mix_258,spp,0,0,0,0,0
MP_mix_258,bingo,0,0,0,0,0
MP_mix_258,mlop,0,0,0,0,0
MP_mix_258,pythia,0,0,0,0,0
MP_mix_260,nopref,0,0,0,0,0
MP_mix_260,spp,0,0,0,0,0
MP_mix_260,bingo,0,0,0,0,0
MP_mix_260,mlop,0,0,0,0,0
MP_mix_260,pythia,0,0,0,0,0
MP_mix_262,nopref,0,0,0,0,0
MP_mix_262,spp,0,0,0,0,0
MP_mix_262,bingo,0,0,0,0,0
MP_mix_262,mlop,0,0,0,0,0
MP_mix_262,pythia,0,0,0,0,0
MP_mix_263,nopref,0,0,0,0,0
MP_mix_263,spp,0,0,0,0,0
MP_mix_263,bingo,0,0,0,0,0
MP_mix_263,mlop,0,0,0,0,0
MP_mix_263,pythia,0,0,0,0,0
MP_mix_266,nopref,0,0,0,0,0
MP_mix_266,spp,0,0,0,0,0
MP_mix_266,bingo,0,0,0,0,0
MP_mix_266,mlop,0,0,0,0,0
MP_mix_266,pythia,0,0,0,0,0
MP_mix_273,nopref,0,0,0,0,0
MP_mix_273,spp,0,0,0,0,0
MP_mix_273,bingo,0,0,0,0,0
MP_mix_273,mlop,0,0,0,0,0
MP_mix_273,pythia,0,0,0,0,0
MP_mix_274,nopref,0,0,0,0,0
MP_mix_274,spp,0,0,0,0,0
MP_mix_274,bingo,0,0,0,0,0
MP_mix_274,mlop,0,0,0,0,0
MP_mix_274,pythia,0,0,0,0,0
MP_mix_275,nopref,0,0,0,0,0
MP_mix_275,spp,0,0,0,0,0
MP_mix_275,bingo,0,0,0,0,0
MP_mix_275,mlop,0,0,0,0,0
MP_mix_275,pythia,0,0,0,0,0
MP_mix_277,nopref,0,0,0,0,0
MP_mix_277,spp,0,0,0,0,0
MP_mix_277,bingo,0,0,0,0,0
MP_mix_277,mlop,0,0,0,0,0
MP_mix_277,pythia,0,0,0,0,0
MP_mix_278,nopref,0,0,0,0,0
MP_mix_278,spp,0,0,0,0,0
MP_mix_278,bingo,0,0,0,0,0
MP_mix_278,mlop,0,0,0,0,0
MP_mix_278,pythia,0,0,0,0,0
